0,NONHSAT002268.2
1,NONHSAT007659.2
2,NONHSAT007662.2
3,NONHSAT007663.2
4,NONHSAT007664.2
5,NONHSAT007665.2
6,NONHSAT007666.2
7,NONHSAT007667.2
8,NONHSAT007668.2
9,NONHSAT007669.2
10,NONHSAT007670.2
11,NONHSAT007671.2
12,NONHSAT007672.2
13,NONHSAT007673.2
14,NONHSAT007674.2
15,NONHSAT007675.2
16,NONHSAT007676.2
17,NONHSAT007677.2
18,NONHSAT007678.2
19,NONHSAT007679.2
20,NONHSAT007680.2
21,NONHSAT007681.2
22,NONHSAT007682.2
23,NONHSAT007683.2
24,NONHSAT007684.2
25,NONHSAT007688.2
26,NONHSAT007690.2
27,NONHSAT007691.2
28,NONHSAT007693.2
29,NONHSAT007695.2
30,NONHSAT007698.2
31,NONHSAT007699.2
32,NONHSAT007701.2
33,NONHSAT008757.2
34,NONHSAT017523.2
35,NONHSAT017526.2
36,NONHSAT022124.2
37,NONHSAT022125.2
38,NONHSAT022126.2
39,NONHSAT022129.2
40,NONHSAT022131.2
41,NONHSAT022132.2
42,NONHSAT022133.2
43,NONHSAT022134.2
44,NONHSAT022135.2
45,NONHSAT022136.2
46,NONHSAT022137.2
47,NONHSAT022138.2
48,NONHSAT022139.2
49,NONHSAT022142.2
50,NONHSAT022143.2
51,NONHSAT022144.2
52,NONHSAT022145.2
53,NONHSAT026096.2
54,NONHSAT090223.2
55,NONHSAT090225.2
56,NONHSAT096694.2
57,NONHSAT096697.2
58,NONHSAT096707.2
59,NONHSAT096723.2
60,NONHSAT096724.2
61,NONHSAT105415.2
62,NONHSAT105416.2
63,NONHSAT105417.2
64,NONHSAT105418.2
65,NONHSAT105419.2
66,NONHSAT120412.2
67,NONHSAT120414.2
68,NONHSAT120415.2
69,NONHSAT120416.2
70,NONHSAT120417.2
71,NONHSAT120418.2
72,NONHSAT120419.2
73,NONHSAT120420.2
74,NONHSAT120421.2
75,NONHSAT120422.2
76,NONHSAT120423.2
77,NONHSAT120424.2
78,NONHSAT122124.2
79,NONHSAT122125.2
80,NONHSAT122126.2
81,NONHSAT122127.2
82,NONHSAT122128.2
83,NONHSAT122129.2
84,NONHSAT122131.2
85,NONHSAT122133.2
86,NONHSAT122134.2
87,NONHSAT122135.2
88,NONHSAT129370.2
89,NONHSAT129467.2
90,NONHSAT141827.2
91,NONHSAT061038.2
92,NONHSAT061039.2
93,NONHSAT140417.2
94,NONHSAT002056.2
95,NONHSAT002057.2
96,NONHSAT002058.2
97,NONHSAT002059.2
98,NONHSAT002061.2
99,NONHSAT006176.2
100,NONHSAT006177.2
101,NONHSAT006178.2
102,NONHSAT006179.2
103,NONHSAT006180.2
104,NONHSAT006181.2
105,NONHSAT006219.2
106,NONHSAT012566.2
107,NONHSAT021904.2
108,NONHSAT023904.2
109,NONHSAT030756.2
110,NONHSAT030757.2
111,NONHSAT030758.2
112,NONHSAT030759.2
113,NONHSAT030760.2
114,NONHSAT030761.2
115,NONHSAT030762.2
116,NONHSAT030763.2
117,NONHSAT030764.2
118,NONHSAT030765.2
119,NONHSAT030766.2
120,NONHSAT030767.2
121,NONHSAT035663.2
122,NONHSAT035664.2
123,NONHSAT041920.2
124,NONHSAT041921.2
125,NONHSAT041922.2
126,NONHSAT041923.2
127,NONHSAT041924.2
128,NONHSAT041925.2
129,NONHSAT041926.2
130,NONHSAT041927.2
131,NONHSAT041928.2
132,NONHSAT041929.2
133,NONHSAT041930.2
134,NONHSAT041931.2
135,NONHSAT041933.2
136,NONHSAT046790.2
137,NONHSAT055267.2
138,NONHSAT057056.2
139,NONHSAT057057.2
140,NONHSAT057058.2
141,NONHSAT057061.2
142,NONHSAT057062.2
143,NONHSAT057064.2
144,NONHSAT057067.2
145,NONHSAT057068.2
146,NONHSAT057069.2
147,NONHSAT057070.2
148,NONHSAT057072.2
149,NONHSAT057073.2
150,NONHSAT063945.2
151,NONHSAT093162.2
152,NONHSAT093164.2
153,NONHSAT093166.2
154,NONHSAT093167.2
155,NONHSAT093395.2
156,NONHSAT119872.2
157,NONHSAT119875.2
158,NONHSAT119877.2
159,NONHSAT119888.2
160,NONHSAT119890.2
161,NONHSAT119893.2
162,NONHSAT119894.2
163,NONHSAT119895.2
164,NONHSAT119898.2
165,NONHSAT119899.2
166,NONHSAT119901.2
167,NONHSAT119902.2
168,NONHSAT119904.2
169,NONHSAT119905.2
170,NONHSAT119907.2
171,NONHSAT119908.2
172,NONHSAT119909.2
173,NONHSAT119910.2
174,NONHSAT119912.2
175,NONHSAT119913.2
176,NONHSAT119917.2
177,NONHSAT119919.2
178,NONHSAT119920.2
179,NONHSAT129655.2
180,NONHSAT137540.2
181,NONHSAT137541.2
182,NONHSAT137542.2
183,NONHSAT137543.2
184,NONHSAT137544.2
185,NONHSAT137545.2
186,NONHSAT137546.2
187,NONHSAT137548.2
188,NONHSAT137549.2
189,NONHSAT137550.2
190,NONHSAT137551.2
191,NONHSAT137553.2
192,NONHSAT137555.2
193,NONHSAT137558.2
194,NONHSAT137559.2
195,NONHSAT138142.2
196,NONHSAT138958.2
197,NONHSAT138961.2
198,NONHSAT138964.2
199,NONHSAT138984.2
200,NONHSAT138986.2
201,NONHSAT143903.2
202,NONHSAT000530.2
203,NONHSAT000531.2
204,NONHSAT000532.2
205,NONHSAT000533.2
206,NONHSAT000534.2
207,NONHSAT000535.2
208,NONHSAT000536.2
209,NONHSAT000537.2
210,NONHSAT000538.2
211,NONHSAT000539.2
212,NONHSAT000540.2
213,NONHSAT000541.2
214,NONHSAT000542.2
215,NONHSAT000543.2
216,NONHSAT000544.2
217,NONHSAT000545.2
218,NONHSAT000546.2
219,NONHSAT001159.2
220,NONHSAT001162.2
221,NONHSAT003101.2
222,NONHSAT005793.2
223,NONHSAT005796.2
224,NONHSAT005797.2
225,NONHSAT005798.2
226,NONHSAT005799.2
227,NONHSAT005800.2
228,NONHSAT005807.2
229,NONHSAT010069.2
230,NONHSAT010074.2
231,NONHSAT011259.2
232,NONHSAT011260.2
233,NONHSAT011261.2
234,NONHSAT011262.2
235,NONHSAT011264.2
236,NONHSAT012518.2
237,NONHSAT012522.2
238,NONHSAT012524.2
239,NONHSAT012525.2
240,NONHSAT012527.2
241,NONHSAT012528.2
242,NONHSAT015399.2
243,NONHSAT015401.2
244,NONHSAT015402.2
245,NONHSAT015403.2
246,NONHSAT015404.2
247,NONHSAT015407.2
248,NONHSAT015408.2
249,NONHSAT015409.2
250,NONHSAT015410.2
251,NONHSAT015411.2
252,NONHSAT015412.2
253,NONHSAT015413.2
254,NONHSAT015414.2
255,NONHSAT015415.2
256,NONHSAT015416.2
257,NONHSAT015417.2
258,NONHSAT015418.2
259,NONHSAT015420.2
260,NONHSAT017458.2
261,NONHSAT017459.2
262,NONHSAT017460.2
263,NONHSAT017461.2
264,NONHSAT017462.2
265,NONHSAT017463.2
266,NONHSAT017464.2
267,NONHSAT017465.2
268,NONHSAT017466.2
269,NONHSAT017467.2
270,NONHSAT017468.2
271,NONHSAT017469.2
272,NONHSAT017470.2
273,NONHSAT017471.2
274,NONHSAT017472.2
275,NONHSAT017473.2
276,NONHSAT017474.2
277,NONHSAT022109.2
278,NONHSAT022112.2
279,NONHSAT022114.2
280,NONHSAT022115.2
281,NONHSAT024896.2
282,NONHSAT024897.2
283,NONHSAT027361.2
284,NONHSAT028287.2
285,NONHSAT063962.2
286,NONHSAT063963.2
287,NONHSAT063964.2
288,NONHSAT063965.2
289,NONHSAT063966.2
290,NONHSAT063967.2
291,NONHSAT063968.2
292,NONHSAT063969.2
293,NONHSAT063970.2
294,NONHSAT063971.2
295,NONHSAT063972.2
296,NONHSAT063973.2
297,NONHSAT063974.2
298,NONHSAT063975.2
299,NONHSAT063976.2
300,NONHSAT063977.2
301,NONHSAT063978.2
302,NONHSAT063979.2
303,NONHSAT063980.2
304,NONHSAT063981.2
305,NONHSAT063982.2
306,NONHSAT063983.2
307,NONHSAT063984.2
308,NONHSAT063985.2
309,NONHSAT063986.2
310,NONHSAT063990.2
311,NONHSAT063991.2
312,NONHSAT063992.2
313,NONHSAT063993.2
314,NONHSAT063994.2
315,NONHSAT063995.2
316,NONHSAT063996.2
317,NONHSAT063997.2
318,NONHSAT065864.2
319,NONHSAT065865.2
320,NONHSAT065868.2
321,NONHSAT065869.2
322,NONHSAT065871.2
323,NONHSAT066114.2
324,NONHSAT066115.2
325,NONHSAT066124.2
326,NONHSAT066666.2
327,NONHSAT067073.2
328,NONHSAT068335.2
329,NONHSAT070930.2
330,NONHSAT070931.2
331,NONHSAT070934.2
332,NONHSAT072142.2
333,NONHSAT072143.2
334,NONHSAT072144.2
335,NONHSAT072145.2
336,NONHSAT072146.2
337,NONHSAT072147.2
338,NONHSAT072148.2
339,NONHSAT072149.2
340,NONHSAT072150.2
341,NONHSAT072151.2
342,NONHSAT072152.2
343,NONHSAT072153.2
344,NONHSAT072156.2
345,NONHSAT075757.2
346,NONHSAT075758.2
347,NONHSAT075759.2
348,NONHSAT075760.2
349,NONHSAT075762.2
350,NONHSAT075763.2
351,NONHSAT075764.2
352,NONHSAT075765.2
353,NONHSAT075766.2
354,NONHSAT075767.2
355,NONHSAT075768.2
356,NONHSAT075769.2
357,NONHSAT075770.2
358,NONHSAT075771.2
359,NONHSAT075773.2
360,NONHSAT075774.2
361,NONHSAT075775.2
362,NONHSAT075776.2
363,NONHSAT075777.2
364,NONHSAT075778.2
365,NONHSAT075779.2
366,NONHSAT075780.2
367,NONHSAT075781.2
368,NONHSAT075782.2
369,NONHSAT075783.2
370,NONHSAT075784.2
371,NONHSAT075785.2
372,NONHSAT075786.2
373,NONHSAT075787.2
374,NONHSAT075788.2
375,NONHSAT075789.2
376,NONHSAT075790.2
377,NONHSAT075791.2
378,NONHSAT075792.2
379,NONHSAT075793.2
380,NONHSAT075794.2
381,NONHSAT075795.2
382,NONHSAT075796.2
383,NONHSAT075797.2
384,NONHSAT075802.2
385,NONHSAT075803.2
386,NONHSAT075804.2
387,NONHSAT075805.2
388,NONHSAT075806.2
389,NONHSAT075808.2
390,NONHSAT075810.2
391,NONHSAT075814.2
392,NONHSAT075817.2
393,NONHSAT075818.2
394,NONHSAT075819.2
395,NONHSAT077619.2
396,NONHSAT082513.2
397,NONHSAT082514.2
398,NONHSAT084606.2
399,NONHSAT084607.2
400,NONHSAT084608.2
401,NONHSAT084609.2
402,NONHSAT084610.2
403,NONHSAT084611.2
404,NONHSAT084612.2
405,NONHSAT084613.2
406,NONHSAT084614.2
407,NONHSAT084615.2
408,NONHSAT084616.2
409,NONHSAT084617.2
410,NONHSAT084618.2
411,NONHSAT084619.2
412,NONHSAT084620.2
413,NONHSAT084621.2
414,NONHSAT084622.2
415,NONHSAT084623.2
416,NONHSAT084626.2
417,NONHSAT084631.2
418,NONHSAT084632.2
419,NONHSAT084633.2
420,NONHSAT084634.2
421,NONHSAT084636.2
422,NONHSAT084637.2
423,NONHSAT084638.2
424,NONHSAT084639.2
425,NONHSAT084640.2
426,NONHSAT084641.2
427,NONHSAT084642.2
428,NONHSAT084643.2
429,NONHSAT088364.2
430,NONHSAT088365.2
431,NONHSAT088366.2
432,NONHSAT088369.2
433,NONHSAT088370.2
434,NONHSAT088371.2
435,NONHSAT088373.2
436,NONHSAT088374.2
437,NONHSAT090549.2
438,NONHSAT091026.2
439,NONHSAT091027.2
440,NONHSAT091029.2
441,NONHSAT091034.2
442,NONHSAT094398.2
443,NONHSAT094399.2
444,NONHSAT094688.2
445,NONHSAT094692.2
446,NONHSAT094694.2
447,NONHSAT098798.2
448,NONHSAT098931.2
449,NONHSAT104512.2
450,NONHSAT108621.2
451,NONHSAT108622.2
452,NONHSAT108623.2
453,NONHSAT108624.2
454,NONHSAT108628.2
455,NONHSAT108629.2
456,NONHSAT108631.2
457,NONHSAT108632.2
458,NONHSAT108633.2
459,NONHSAT108634.2
460,NONHSAT113900.2
461,NONHSAT115215.2
462,NONHSAT116373.2
463,NONHSAT116374.2
464,NONHSAT116377.2
465,NONHSAT116378.2
466,NONHSAT116379.2
467,NONHSAT116589.2
468,NONHSAT116590.2
469,NONHSAT116592.2
470,NONHSAT116593.2
471,NONHSAT116594.2
472,NONHSAT116595.2
473,NONHSAT116596.2
474,NONHSAT116597.2
475,NONHSAT116940.2
476,NONHSAT116942.2
477,NONHSAT116943.2
478,NONHSAT116944.2
479,NONHSAT116945.2
480,NONHSAT116946.2
481,NONHSAT116947.2
482,NONHSAT116948.2
483,NONHSAT117290.2
484,NONHSAT117291.2
485,NONHSAT117293.2
486,NONHSAT117294.2
487,NONHSAT117295.2
488,NONHSAT117296.2
489,NONHSAT117297.2
490,NONHSAT117298.2
491,NONHSAT117951.2
492,NONHSAT117952.2
493,NONHSAT117953.2
494,NONHSAT117954.2
495,NONHSAT117955.2
496,NONHSAT117956.2
497,NONHSAT117957.2
498,NONHSAT117958.2
499,NONHSAT118303.2
500,NONHSAT118304.2
501,NONHSAT118305.2
502,NONHSAT118307.2
503,NONHSAT118308.2
504,NONHSAT118309.2
505,NONHSAT118310.2
506,NONHSAT118311.2
507,NONHSAT119664.2
508,NONHSAT119665.2
509,NONHSAT119666.2
510,NONHSAT119667.2
511,NONHSAT119668.2
512,NONHSAT122022.2
513,NONHSAT122024.2
514,NONHSAT123872.2
515,NONHSAT123873.2
516,NONHSAT123874.2
517,NONHSAT127134.2
518,NONHSAT128585.2
519,NONHSAT128587.2
520,NONHSAT129646.2
521,NONHSAT129648.2
522,NONHSAT129651.2
523,NONHSAT136515.2
524,NONHSAT137987.2
525,NONHSAT137988.2
526,NONHSAT137989.2
527,NONHSAT137990.2
528,NONHSAT137991.2
529,NONHSAT137992.2
530,NONHSAT138006.2
531,NONHSAT138007.2
532,NONHSAT138008.2
533,NONHSAT138009.2
534,NONHSAT138010.2
535,NONHSAT138011.2
536,NONHSAT138012.2
537,NONHSAT138621.2
538,NONHSAT138624.2
539,NONHSAT138626.2
540,NONHSAT138627.2
541,NONHSAT141136.2
542,NONHSAT141137.2
543,NONHSAT141667.2
544,NONHSAT028507.2
545,NONHSAT028509.2
546,NONHSAT028510.2
547,NONHSAT028511.2
548,NONHSAT028512.2
549,NONHSAT028513.2
550,NONHSAT028514.2
551,NONHSAT047235.2
552,NONHSAT047236.2
553,NONHSAT047239.2
554,NONHSAT047241.2
555,NONHSAT053482.2
556,NONHSAT063705.2
557,NONHSAT063706.2
558,NONHSAT063707.2
559,NONHSAT063708.2
560,NONHSAT063709.2
561,NONHSAT063710.2
562,NONHSAT072549.2
563,NONHSAT083036.2
564,NONHSAT083037.2
565,NONHSAT083038.2
566,NONHSAT083039.2
567,NONHSAT083040.2
568,NONHSAT083041.2
569,NONHSAT083042.2
570,NONHSAT083043.2
571,NONHSAT083044.2
572,NONHSAT083045.2
573,NONHSAT083046.2
574,NONHSAT083047.2
575,NONHSAT099843.2
576,NONHSAT108895.2
577,NONHSAT143311.2
578,NONHSAT145923.2
579,NONHSAT145950.2
580,NONHSAT145951.2
581,NONHSAT145952.2
582,NONHSAT145953.2
583,NONHSAT145954.2
584,NONHSAT145955.2
585,NONHSAT145956.2
586,NONHSAT145957.2
587,NONHSAT145958.2
588,NONHSAT145959.2
589,NONHSAT145960.2
590,NONHSAT145961.2
591,NONHSAT145965.2
592,NONHSAT145966.2
593,NONHSAT000203.2
594,NONHSAT000204.2
595,NONHSAT001967.2
596,NONHSAT001968.2
597,NONHSAT001969.2
598,NONHSAT001970.2
599,NONHSAT001971.2
600,NONHSAT001972.2
601,NONHSAT001973.2
602,NONHSAT001974.2
603,NONHSAT001975.2
604,NONHSAT001976.2
605,NONHSAT001981.2
606,NONHSAT002559.2
607,NONHSAT002560.2
608,NONHSAT002561.2
609,NONHSAT002562.2
610,NONHSAT002563.2
611,NONHSAT002640.2
612,NONHSAT006907.2
613,NONHSAT011932.2
614,NONHSAT011933.2
615,NONHSAT011934.2
616,NONHSAT011935.2
617,NONHSAT017678.2
618,NONHSAT017679.2
619,NONHSAT017680.2
620,NONHSAT030138.2
621,NONHSAT030139.2
622,NONHSAT030140.2
623,NONHSAT030141.2
624,NONHSAT037122.2
625,NONHSAT037123.2
626,NONHSAT037127.2
627,NONHSAT037128.2
628,NONHSAT037129.2
629,NONHSAT037131.2
630,NONHSAT037133.2
631,NONHSAT037135.2
632,NONHSAT037136.2
633,NONHSAT037137.2
634,NONHSAT037139.2
635,NONHSAT039445.2
636,NONHSAT050217.2
637,NONHSAT050219.2
638,NONHSAT050220.2
639,NONHSAT050221.2
640,NONHSAT050226.2
641,NONHSAT050230.2
642,NONHSAT050231.2
643,NONHSAT050232.2
644,NONHSAT050233.2
645,NONHSAT050234.2
646,NONHSAT050235.2
647,NONHSAT050236.2
648,NONHSAT050237.2
649,NONHSAT050239.2
650,NONHSAT050240.2
651,NONHSAT050241.2
652,NONHSAT052305.2
653,NONHSAT055311.2
654,NONHSAT061078.2
655,NONHSAT061079.2
656,NONHSAT061081.2
657,NONHSAT061082.2
658,NONHSAT069465.2
659,NONHSAT071621.2
660,NONHSAT071808.2
661,NONHSAT081948.2
662,NONHSAT081949.2
663,NONHSAT081950.2
664,NONHSAT081952.2
665,NONHSAT081953.2
666,NONHSAT081954.2
667,NONHSAT081958.2
668,NONHSAT081959.2
669,NONHSAT081960.2
670,NONHSAT081961.2
671,NONHSAT081962.2
672,NONHSAT082406.2
673,NONHSAT082413.2
674,NONHSAT082414.2
675,NONHSAT082415.2
676,NONHSAT082416.2
677,NONHSAT082417.2
678,NONHSAT082418.2
679,NONHSAT082419.2
680,NONHSAT082420.2
681,NONHSAT082421.2
682,NONHSAT082422.2
683,NONHSAT082425.2
684,NONHSAT082426.2
685,NONHSAT082427.2
686,NONHSAT082428.2
687,NONHSAT082429.2
688,NONHSAT082430.2
689,NONHSAT082431.2
690,NONHSAT082432.2
691,NONHSAT082433.2
692,NONHSAT082434.2
693,NONHSAT083405.2
694,NONHSAT094669.2
695,NONHSAT113306.2
696,NONHSAT113307.2
697,NONHSAT113309.2
698,NONHSAT113310.2
699,NONHSAT113311.2
700,NONHSAT113312.2
701,NONHSAT113313.2
702,NONHSAT113314.2
703,NONHSAT113315.2
704,NONHSAT113316.2
705,NONHSAT113317.2
706,NONHSAT113318.2
707,NONHSAT113319.2
708,NONHSAT114464.2
709,NONHSAT114465.2
710,NONHSAT114466.2
711,NONHSAT114467.2
712,NONHSAT114468.2
713,NONHSAT114469.2
714,NONHSAT114470.2
715,NONHSAT114471.2
716,NONHSAT114472.2
717,NONHSAT114473.2
718,NONHSAT114474.2
719,NONHSAT114475.2
720,NONHSAT114476.2
721,NONHSAT114481.2
722,NONHSAT114482.2
723,NONHSAT114483.2
724,NONHSAT114484.2
725,NONHSAT114485.2
726,NONHSAT114486.2
727,NONHSAT125544.2
728,NONHSAT125546.2
729,NONHSAT143930.2
730,NONHSAT146175.2
731,NONHSAT053659.2
732,NONHSAT063872.2
733,NONHSAT063873.2
734,NONHSAT063874.2
735,NONHSAT063878.2
736,NONHSAT063879.2
737,NONHSAT063880.2
738,NONHSAT063881.2
739,NONHSAT064001.2
740,NONHSAT064002.2
741,NONHSAT064003.2
742,NONHSAT064004.2
743,NONHSAT064005.2
744,NONHSAT064007.2
745,NONHSAT064008.2
746,NONHSAT064009.2
747,NONHSAT064010.2
748,NONHSAT064011.2
749,NONHSAT089796.2
750,NONHSAT089797.2
751,NONHSAT089798.2
752,NONHSAT001062.2
753,NONHSAT003396.2
754,NONHSAT003397.2
755,NONHSAT003398.2
756,NONHSAT006189.2
757,NONHSAT009705.2
758,NONHSAT009707.2
759,NONHSAT009708.2
760,NONHSAT009709.2
761,NONHSAT009710.2
762,NONHSAT009713.2
763,NONHSAT009714.2
764,NONHSAT009715.2
765,NONHSAT009717.2
766,NONHSAT014049.2
767,NONHSAT015185.2
768,NONHSAT015188.2
769,NONHSAT015189.2
770,NONHSAT017406.2
771,NONHSAT017407.2
772,NONHSAT017409.2
773,NONHSAT021823.2
774,NONHSAT021824.2
775,NONHSAT021825.2
776,NONHSAT021826.2
777,NONHSAT021827.2
778,NONHSAT021828.2
779,NONHSAT021829.2
780,NONHSAT021830.2
781,NONHSAT021831.2
782,NONHSAT021832.2
783,NONHSAT021834.2
784,NONHSAT021835.2
785,NONHSAT021836.2
786,NONHSAT021837.2
787,NONHSAT021839.2
788,NONHSAT021840.2
789,NONHSAT021841.2
790,NONHSAT021843.2
791,NONHSAT021844.2
792,NONHSAT021846.2
793,NONHSAT021847.2
794,NONHSAT021848.2
795,NONHSAT021851.2
796,NONHSAT021853.2
797,NONHSAT021854.2
798,NONHSAT021856.2
799,NONHSAT034586.2
800,NONHSAT034587.2
801,NONHSAT034588.2
802,NONHSAT034592.2
803,NONHSAT034665.2
804,NONHSAT034666.2
805,NONHSAT034667.2
806,NONHSAT034695.2
807,NONHSAT054929.2
808,NONHSAT056037.2
809,NONHSAT056038.2
810,NONHSAT056039.2
811,NONHSAT056040.2
812,NONHSAT056041.2
813,NONHSAT056042.2
814,NONHSAT056043.2
815,NONHSAT056044.2
816,NONHSAT056045.2
817,NONHSAT056046.2
818,NONHSAT056047.2
819,NONHSAT056048.2
820,NONHSAT056049.2
821,NONHSAT068390.2
822,NONHSAT068394.2
823,NONHSAT068395.2
824,NONHSAT075640.2
825,NONHSAT075641.2
826,NONHSAT075642.2
827,NONHSAT075643.2
828,NONHSAT075644.2
829,NONHSAT075645.2
830,NONHSAT075646.2
831,NONHSAT075647.2
832,NONHSAT075743.2
833,NONHSAT075746.2
834,NONHSAT075749.2
835,NONHSAT075750.2
836,NONHSAT075751.2
837,NONHSAT075752.2
838,NONHSAT075753.2
839,NONHSAT084537.2
840,NONHSAT084538.2
841,NONHSAT084539.2
842,NONHSAT084540.2
843,NONHSAT084541.2
844,NONHSAT084542.2
845,NONHSAT084543.2
846,NONHSAT084546.2
847,NONHSAT084547.2
848,NONHSAT084824.2
849,NONHSAT084825.2
850,NONHSAT084826.2
851,NONHSAT084827.2
852,NONHSAT084828.2
853,NONHSAT084829.2
854,NONHSAT084830.2
855,NONHSAT084831.2
856,NONHSAT084832.2
857,NONHSAT084833.2
858,NONHSAT084834.2
859,NONHSAT084835.2
860,NONHSAT084836.2
861,NONHSAT084837.2
862,NONHSAT084838.2
863,NONHSAT084839.2
864,NONHSAT090175.2
865,NONHSAT090176.2
866,NONHSAT090177.2
867,NONHSAT090178.2
868,NONHSAT090179.2
869,NONHSAT090180.2
870,NONHSAT090181.2
871,NONHSAT090182.2
872,NONHSAT090183.2
873,NONHSAT090184.2
874,NONHSAT090185.2
875,NONHSAT108289.2
876,NONHSAT113849.2
877,NONHSAT113851.2
878,NONHSAT113854.2
879,NONHSAT113855.2
880,NONHSAT113856.2
881,NONHSAT113857.2
882,NONHSAT113860.2
883,NONHSAT113861.2
884,NONHSAT113862.2
885,NONHSAT113863.2
886,NONHSAT113865.2
887,NONHSAT113866.2
888,NONHSAT113966.2
889,NONHSAT120518.2
890,NONHSAT120519.2
891,NONHSAT141113.2
892,NONHSAT143364.2
893,NONHSAT143944.2
894,NONHSAT143947.2
895,NONHSAT144203.2
896,NONHSAT144204.2
897,NONHSAT144205.2
898,NONHSAT144206.2
899,NONHSAT144209.2
900,NONHSAT144210.2
901,NONHSAT144212.2
902,NONHSAT144213.2
903,NONHSAT144214.2
904,NONHSAT144215.2
905,NONHSAT146396.2
906,NONHSAT004817.2
907,NONHSAT004820.2
908,NONHSAT004829.2
909,NONHSAT004833.2
910,NONHSAT004834.2
911,NONHSAT004836.2
912,NONHSAT008273.2
913,NONHSAT015135.2
914,NONHSAT015136.2
915,NONHSAT037251.2
916,NONHSAT037253.2
917,NONHSAT040965.2
918,NONHSAT040966.2
919,NONHSAT040970.2
920,NONHSAT040986.2
921,NONHSAT040990.2
922,NONHSAT041000.2
923,NONHSAT041001.2
924,NONHSAT041012.2
925,NONHSAT041028.2
926,NONHSAT041066.2
927,NONHSAT041067.2
928,NONHSAT041077.2
929,NONHSAT041081.2
930,NONHSAT041082.2
931,NONHSAT041085.2
932,NONHSAT041091.2
933,NONHSAT041093.2
934,NONHSAT041096.2
935,NONHSAT041098.2
936,NONHSAT041110.2
937,NONHSAT041128.2
938,NONHSAT041137.2
939,NONHSAT041145.2
940,NONHSAT052789.2
941,NONHSAT052799.2
942,NONHSAT056462.2
943,NONHSAT056463.2
944,NONHSAT056464.2
945,NONHSAT056576.2
946,NONHSAT116228.2
947,NONHSAT116229.2
948,NONHSAT127668.2
949,NONHSAT127670.2
950,NONHSAT145164.2
951,NONHSAT145165.2
952,NONHSAT145166.2
953,NONHSAT145729.2
954,NONHSAT145730.2
955,NONHSAT145731.2
956,NONHSAT145732.2
957,NONHSAT145733.2
958,NONHSAT145734.2
959,NONHSAT145737.2
960,NONHSAT145751.2
961,NONHSAT145752.2
962,NONHSAT145753.2
963,NONHSAT145754.2
964,NONHSAT008655.2
965,NONHSAT008656.2
966,NONHSAT009872.2
967,NONHSAT009874.2
968,NONHSAT009875.2
969,NONHSAT015843.2
970,NONHSAT031571.2
971,NONHSAT031573.2
972,NONHSAT031574.2
973,NONHSAT035471.2
974,NONHSAT035472.2
975,NONHSAT035473.2
976,NONHSAT035474.2
977,NONHSAT035475.2
978,NONHSAT035476.2
979,NONHSAT035477.2
980,NONHSAT035479.2
981,NONHSAT035480.2
982,NONHSAT035481.2
983,NONHSAT035482.2
984,NONHSAT035483.2
985,NONHSAT035484.2
986,NONHSAT035485.2
987,NONHSAT035489.2
988,NONHSAT035498.2
989,NONHSAT035501.2
990,NONHSAT035502.2
991,NONHSAT035503.2
992,NONHSAT035504.2
993,NONHSAT035505.2
994,NONHSAT035506.2
995,NONHSAT035508.2
996,NONHSAT035509.2
997,NONHSAT035510.2
998,NONHSAT035511.2
999,NONHSAT035516.2
1000,NONHSAT035517.2
1001,NONHSAT035518.2
1002,NONHSAT035519.2
1003,NONHSAT037335.2
1004,NONHSAT037338.2
1005,NONHSAT047105.2
1006,NONHSAT051728.2
1007,NONHSAT051729.2
1008,NONHSAT051730.2
1009,NONHSAT054164.2
1010,NONHSAT057002.2
1011,NONHSAT057003.2
1012,NONHSAT057004.2
1013,NONHSAT057005.2
1014,NONHSAT057006.2
1015,NONHSAT082932.2
1016,NONHSAT082933.2
1017,NONHSAT082934.2
1018,NONHSAT082936.2
1019,NONHSAT082937.2
1020,NONHSAT082938.2
1021,NONHSAT082939.2
1022,NONHSAT082940.2
1023,NONHSAT082941.2
1024,NONHSAT082944.2
1025,NONHSAT082945.2
1026,NONHSAT082946.2
1027,NONHSAT082947.2
1028,NONHSAT082949.2
1029,NONHSAT083084.2
1030,NONHSAT083085.2
1031,NONHSAT083086.2
1032,NONHSAT083087.2
1033,NONHSAT083090.2
1034,NONHSAT083231.2
1035,NONHSAT087761.2
1036,NONHSAT087766.2
1037,NONHSAT087767.2
1038,NONHSAT087768.2
1039,NONHSAT087769.2
1040,NONHSAT087771.2
1041,NONHSAT087773.2
1042,NONHSAT087774.2
1043,NONHSAT087775.2
1044,NONHSAT087776.2
1045,NONHSAT087779.2
1046,NONHSAT087780.2
1047,NONHSAT087785.2
1048,NONHSAT087786.2
1049,NONHSAT087787.2
1050,NONHSAT087788.2
1051,NONHSAT087790.2
1052,NONHSAT105836.2
1053,NONHSAT105837.2
1054,NONHSAT105838.2
1055,NONHSAT105839.2
1056,NONHSAT105840.2
1057,NONHSAT105841.2
1058,NONHSAT105842.2
1059,NONHSAT105843.2
1060,NONHSAT108319.2
1061,NONHSAT108320.2
1062,NONHSAT108321.2
1063,NONHSAT108325.2
1064,NONHSAT108326.2
1065,NONHSAT108327.2
1066,NONHSAT108328.2
1067,NONHSAT119517.2
1068,NONHSAT119518.2
1069,NONHSAT123384.2
1070,NONHSAT123385.2
1071,NONHSAT123386.2
1072,NONHSAT123388.2
1073,NONHSAT123392.2
1074,NONHSAT123395.2
1075,NONHSAT127048.2
1076,NONHSAT127049.2
1077,NONHSAT127050.2
1078,NONHSAT127051.2
1079,NONHSAT127052.2
1080,NONHSAT127053.2
1081,NONHSAT127054.2
1082,NONHSAT127055.2
1083,NONHSAT127056.2
1084,NONHSAT127057.2
1085,NONHSAT127058.2
1086,NONHSAT127331.2
1087,NONHSAT135090.2
1088,NONHSAT136720.2
1089,NONHSAT146533.2
1090,NONHSAT146534.2
1091,NONHSAT146907.2
1092,NONHSAT001460.2
1093,NONHSAT001461.2
1094,NONHSAT001462.2
1095,NONHSAT001463.2
1096,NONHSAT001464.2
1097,NONHSAT001465.2
1098,NONHSAT001466.2
1099,NONHSAT001467.2
1100,NONHSAT001468.2
1101,NONHSAT002644.2
1102,NONHSAT004638.2
1103,NONHSAT011227.2
1104,NONHSAT011228.2
1105,NONHSAT011229.2
1106,NONHSAT011230.2
1107,NONHSAT011231.2
1108,NONHSAT011232.2
1109,NONHSAT011233.2
1110,NONHSAT011238.2
1111,NONHSAT011239.2
1112,NONHSAT012871.2
1113,NONHSAT012872.2
1114,NONHSAT012873.2
1115,NONHSAT012874.2
1116,NONHSAT012875.2
1117,NONHSAT012876.2
1118,NONHSAT012877.2
1119,NONHSAT012878.2
1120,NONHSAT012879.2
1121,NONHSAT012880.2
1122,NONHSAT012881.2
1123,NONHSAT012882.2
1124,NONHSAT012885.2
1125,NONHSAT031417.2
1126,NONHSAT031447.2
1127,NONHSAT031448.2
1128,NONHSAT031459.2
1129,NONHSAT031460.2
1130,NONHSAT031463.2
1131,NONHSAT031464.2
1132,NONHSAT031465.2
1133,NONHSAT031466.2
1134,NONHSAT031469.2
1135,NONHSAT040199.2
1136,NONHSAT041361.2
1137,NONHSAT056725.2
1138,NONHSAT058861.2
1139,NONHSAT071518.2
1140,NONHSAT071519.2
1141,NONHSAT071664.2
1142,NONHSAT071665.2
1143,NONHSAT071666.2
1144,NONHSAT071667.2
1145,NONHSAT071668.2
1146,NONHSAT071669.2
1147,NONHSAT071670.2
1148,NONHSAT076664.2
1149,NONHSAT102433.2
1150,NONHSAT102435.2
1151,NONHSAT102439.2
1152,NONHSAT102443.2
1153,NONHSAT102609.2
1154,NONHSAT102610.2
1155,NONHSAT102611.2
1156,NONHSAT102612.2
1157,NONHSAT102613.2
1158,NONHSAT102614.2
1159,NONHSAT102615.2
1160,NONHSAT102616.2
1161,NONHSAT102617.2
1162,NONHSAT102618.2
1163,NONHSAT102619.2
1164,NONHSAT102620.2
1165,NONHSAT102621.2
1166,NONHSAT102625.2
1167,NONHSAT102626.2
1168,NONHSAT102627.2
1169,NONHSAT102628.2
1170,NONHSAT102629.2
1171,NONHSAT102630.2
1172,NONHSAT102631.2
1173,NONHSAT102632.2
1174,NONHSAT102633.2
1175,NONHSAT102634.2
1176,NONHSAT102635.2
1177,NONHSAT102636.2
1178,NONHSAT102637.2
1179,NONHSAT102638.2
1180,NONHSAT102639.2
1181,NONHSAT102640.2
1182,NONHSAT102641.2
1183,NONHSAT102648.2
1184,NONHSAT102649.2
1185,NONHSAT102650.2
1186,NONHSAT102651.2
1187,NONHSAT102652.2
1188,NONHSAT102655.2
1189,NONHSAT108575.2
1190,NONHSAT108576.2
1191,NONHSAT108577.2
1192,NONHSAT108578.2
1193,NONHSAT108587.2
1194,NONHSAT108592.2
1195,NONHSAT108594.2
1196,NONHSAT119702.2
1197,NONHSAT119703.2
1198,NONHSAT119704.2
1199,NONHSAT119705.2
1200,NONHSAT119706.2
1201,NONHSAT119709.2
1202,NONHSAT119710.2
1203,NONHSAT119711.2
1204,NONHSAT122696.2
1205,NONHSAT122697.2
1206,NONHSAT122698.2
1207,NONHSAT122699.2
1208,NONHSAT122701.2
1209,NONHSAT122702.2
1210,NONHSAT127299.2
1211,NONHSAT127301.2
1212,NONHSAT127302.2
1213,NONHSAT130334.2
1214,NONHSAT131933.2
1215,NONHSAT134602.2
1216,NONHSAT134603.2
1217,NONHSAT134604.2
1218,NONHSAT147661.2
1219,NONHSAT000201.2
1220,NONHSAT001952.2
1221,NONHSAT001953.2
1222,NONHSAT001955.2
1223,NONHSAT006726.2
1224,NONHSAT006727.2
1225,NONHSAT006728.2
1226,NONHSAT006729.2
1227,NONHSAT008852.2
1228,NONHSAT026228.2
1229,NONHSAT026230.2
1230,NONHSAT026231.2
1231,NONHSAT026232.2
1232,NONHSAT026235.2
1233,NONHSAT026236.2
1234,NONHSAT035568.2
1235,NONHSAT035952.2
1236,NONHSAT035953.2
1237,NONHSAT035954.2
1238,NONHSAT035955.2
1239,NONHSAT035957.2
1240,NONHSAT035958.2
1241,NONHSAT037927.2
1242,NONHSAT053703.2
1243,NONHSAT063579.2
1244,NONHSAT063580.2
1245,NONHSAT063581.2
1246,NONHSAT063583.2
1247,NONHSAT063584.2
1248,NONHSAT063585.2
1249,NONHSAT063590.2
1250,NONHSAT063591.2
1251,NONHSAT063593.2
1252,NONHSAT063594.2
1253,NONHSAT072222.2
1254,NONHSAT080290.2
1255,NONHSAT082506.2
1256,NONHSAT086997.2
1257,NONHSAT116812.2
1258,NONHSAT117158.2
1259,NONHSAT117510.2
1260,NONHSAT117814.2
1261,NONHSAT118164.2
1262,NONHSAT118506.2
1263,NONHSAT120411.2
1264,NONHSAT141907.2
1265,NONHSAT143379.2
1266,NONHSAT143380.2
1267,NONHSAT143381.2
1268,NONHSAT147157.2
1269,NONHSAT147172.2
1270,NONHSAT000173.2
1271,NONHSAT000179.2
1272,NONHSAT001498.2
1273,NONHSAT011639.2
1274,NONHSAT011645.2
1275,NONHSAT081184.2
1276,NONHSAT081187.2
1277,NONHSAT081866.2
1278,NONHSAT097863.2
1279,NONHSAT097864.2
1280,NONHSAT097865.2
1281,NONHSAT100804.2
1282,NONHSAT100806.2
1283,NONHSAT127611.2
1284,NONHSAT127612.2
1285,NONHSAT127615.2
1286,NONHSAT127616.2
1287,NONHSAT127617.2
1288,NONHSAT127620.2
1289,NONHSAT127621.2
1290,NONHSAT127623.2
1291,NONHSAT127624.2
1292,NONHSAT127625.2
1293,NONHSAT132861.2
1294,NONHSAT003304.2
1295,NONHSAT031955.2
1296,NONHSAT031958.2
1297,NONHSAT031962.2
1298,NONHSAT060692.2
1299,NONHSAT060693.2
1300,NONHSAT062808.2
1301,NONHSAT068223.2
1302,NONHSAT069640.2
1303,NONHSAT074041.2
1304,NONHSAT074046.2
1305,NONHSAT074047.2
1306,NONHSAT074192.2
1307,NONHSAT076624.2
1308,NONHSAT088450.2
1309,NONHSAT088451.2
1310,NONHSAT088452.2
1311,NONHSAT088453.2
1312,NONHSAT094511.2
1313,NONHSAT097518.2
1314,NONHSAT097525.2
1315,NONHSAT097526.2
1316,NONHSAT097528.2
1317,NONHSAT097529.2
1318,NONHSAT097530.2
1319,NONHSAT097743.2
1320,NONHSAT097744.2
1321,NONHSAT097745.2
1322,NONHSAT097746.2
1323,NONHSAT097747.2
1324,NONHSAT097748.2
1325,NONHSAT097749.2
1326,NONHSAT097752.2
1327,NONHSAT098744.2
1328,NONHSAT118601.2
1329,NONHSAT118603.2
1330,NONHSAT118605.2
1331,NONHSAT129048.2
1332,NONHSAT129049.2
1333,NONHSAT129050.2
1334,NONHSAT129051.2
1335,NONHSAT129052.2
1336,NONHSAT129053.2
1337,NONHSAT129054.2
1338,NONHSAT129055.2
1339,NONHSAT129056.2
1340,NONHSAT129058.2
1341,NONHSAT129060.2
1342,NONHSAT129061.2
1343,NONHSAT129062.2
1344,NONHSAT129063.2
1345,NONHSAT129064.2
1346,NONHSAT129065.2
1347,NONHSAT129069.2
1348,NONHSAT129070.2
1349,NONHSAT129072.2
1350,NONHSAT129073.2
1351,NONHSAT129074.2
1352,NONHSAT129075.2
1353,NONHSAT129078.2
1354,NONHSAT129082.2
1355,NONHSAT129083.2
1356,NONHSAT129084.2
1357,NONHSAT129085.2
1358,NONHSAT129086.2
1359,NONHSAT129087.2
1360,NONHSAT129088.2
1361,NONHSAT129089.2
1362,NONHSAT129090.2
1363,NONHSAT129091.2
1364,NONHSAT129092.2
1365,NONHSAT136839.2
1366,NONHSAT137566.2
1367,NONHSAT137567.2
1368,NONHSAT137568.2
1369,NONHSAT137569.2
1370,NONHSAT137570.2
1371,NONHSAT137571.2
1372,NONHSAT137572.2
1373,NONHSAT137573.2
1374,NONHSAT137574.2
1375,NONHSAT137575.2
1376,NONHSAT137576.2
1377,NONHSAT137578.2
1378,NONHSAT137579.2
1379,NONHSAT137582.2
1380,NONHSAT137583.2
1381,NONHSAT137584.2
1382,NONHSAT137592.2
1383,NONHSAT138539.2
1384,NONHSAT143932.2
1385,NONHSAT000043.2
1386,NONHSAT000044.2
1387,NONHSAT002162.2
1388,NONHSAT051762.2
1389,NONHSAT051764.2
1390,NONHSAT053044.2
1391,NONHSAT068212.2
1392,NONHSAT098295.2
1393,NONHSAT107591.2
1394,NONHSAT135348.2
1395,NONHSAT135349.2
1396,NONHSAT135350.2
1397,NONHSAT135351.2
1398,NONHSAT135352.2
1399,NONHSAT135353.2
1400,NONHSAT135354.2
1401,NONHSAT135363.2
1402,NONHSAT135364.2
1403,NONHSAT143202.2
1404,NONHSAT015494.2
1405,NONHSAT024660.2
1406,NONHSAT024662.2
1407,NONHSAT024663.2
1408,NONHSAT024664.2
1409,NONHSAT024665.2
1410,NONHSAT044160.2
1411,NONHSAT056104.2
1412,NONHSAT056112.2
1413,NONHSAT056113.2
1414,NONHSAT056115.2
1415,NONHSAT056425.2
1416,NONHSAT056426.2
1417,NONHSAT056430.2
1418,NONHSAT066047.2
1419,NONHSAT066051.2
1420,NONHSAT090291.2
1421,NONHSAT099424.2
1422,NONHSAT099426.2
1423,NONHSAT099429.2
1424,NONHSAT099432.2
1425,NONHSAT099433.2
1426,NONHSAT099435.2
1427,NONHSAT099436.2
1428,NONHSAT100512.2
1429,NONHSAT100513.2
1430,NONHSAT100515.2
1431,NONHSAT102315.2
1432,NONHSAT113465.2
1433,NONHSAT113466.2
1434,NONHSAT113467.2
1435,NONHSAT113468.2
1436,NONHSAT113469.2
1437,NONHSAT113470.2
1438,NONHSAT113471.2
1439,NONHSAT113472.2
1440,NONHSAT113474.2
1441,NONHSAT113475.2
1442,NONHSAT113476.2
1443,NONHSAT113477.2
1444,NONHSAT113478.2
1445,NONHSAT113479.2
1446,NONHSAT113480.2
1447,NONHSAT113482.2
1448,NONHSAT113483.2
1449,NONHSAT113484.2
1450,NONHSAT113485.2
1451,NONHSAT113486.2
1452,NONHSAT113487.2
1453,NONHSAT113488.2
1454,NONHSAT113492.2
1455,NONHSAT113493.2
1456,NONHSAT113494.2
1457,NONHSAT113496.2
1458,NONHSAT113497.2
1459,NONHSAT113506.2
1460,NONHSAT113507.2
1461,NONHSAT113508.2
1462,NONHSAT113510.2
1463,NONHSAT113511.2
1464,NONHSAT114417.2
1465,NONHSAT119669.2
1466,NONHSAT119670.2
1467,NONHSAT119672.2
1468,NONHSAT119673.2
1469,NONHSAT119674.2
1470,NONHSAT119675.2
1471,NONHSAT119676.2
1472,NONHSAT119677.2
1473,NONHSAT119678.2
1474,NONHSAT119680.2
1475,NONHSAT127657.2
1476,NONHSAT127658.2
1477,NONHSAT127659.2
1478,NONHSAT128043.2
1479,NONHSAT131039.2
1480,NONHSAT131040.2
1481,NONHSAT131041.2
1482,NONHSAT131042.2
1483,NONHSAT131043.2
1484,NONHSAT131044.2
1485,NONHSAT143231.2
1486,NONHSAT143359.2
1487,NONHSAT005142.2
1488,NONHSAT005182.2
1489,NONHSAT005183.2
1490,NONHSAT009920.2
1491,NONHSAT009922.2
1492,NONHSAT017272.2
1493,NONHSAT017274.2
1494,NONHSAT017275.2
1495,NONHSAT024750.2
1496,NONHSAT031611.2
1497,NONHSAT054029.2
1498,NONHSAT054035.2
1499,NONHSAT054036.2
1500,NONHSAT054037.2
1501,NONHSAT055171.2
1502,NONHSAT055173.2
1503,NONHSAT055174.2
1504,NONHSAT055175.2
1505,NONHSAT060748.2
1506,NONHSAT068349.2
1507,NONHSAT068350.2
1508,NONHSAT068357.2
1509,NONHSAT071372.2
1510,NONHSAT071373.2
1511,NONHSAT071374.2
1512,NONHSAT071375.2
1513,NONHSAT071376.2
1514,NONHSAT071377.2
1515,NONHSAT071378.2
1516,NONHSAT071379.2
1517,NONHSAT071380.2
1518,NONHSAT071385.2
1519,NONHSAT071387.2
1520,NONHSAT071388.2
1521,NONHSAT071389.2
1522,NONHSAT071390.2
1523,NONHSAT071394.2
1524,NONHSAT071395.2
1525,NONHSAT071396.2
1526,NONHSAT071397.2
1527,NONHSAT071399.2
1528,NONHSAT071400.2
1529,NONHSAT071401.2
1530,NONHSAT071402.2
1531,NONHSAT071403.2
1532,NONHSAT071404.2
1533,NONHSAT071405.2
1534,NONHSAT071406.2
1535,NONHSAT071407.2
1536,NONHSAT071408.2
1537,NONHSAT071409.2
1538,NONHSAT071410.2
1539,NONHSAT071411.2
1540,NONHSAT071412.2
1541,NONHSAT071413.2
1542,NONHSAT071416.2
1543,NONHSAT071417.2
1544,NONHSAT071418.2
1545,NONHSAT071419.2
1546,NONHSAT071420.2
1547,NONHSAT071421.2
1548,NONHSAT071422.2
1549,NONHSAT071423.2
1550,NONHSAT071425.2
1551,NONHSAT071426.2
1552,NONHSAT071427.2
1553,NONHSAT071428.2
1554,NONHSAT071429.2
1555,NONHSAT071430.2
1556,NONHSAT071431.2
1557,NONHSAT071432.2
1558,NONHSAT071433.2
1559,NONHSAT071434.2
1560,NONHSAT071435.2
1561,NONHSAT071436.2
1562,NONHSAT071437.2
1563,NONHSAT071438.2
1564,NONHSAT071439.2
1565,NONHSAT071440.2
1566,NONHSAT071441.2
1567,NONHSAT071442.2
1568,NONHSAT071443.2
1569,NONHSAT071444.2
1570,NONHSAT071445.2
1571,NONHSAT071446.2
1572,NONHSAT071447.2
1573,NONHSAT071448.2
1574,NONHSAT071450.2
1575,NONHSAT071451.2
1576,NONHSAT071454.2
1577,NONHSAT071457.2
1578,NONHSAT071459.2
1579,NONHSAT080575.2
1580,NONHSAT080579.2
1581,NONHSAT080580.2
1582,NONHSAT080581.2
1583,NONHSAT080583.2
1584,NONHSAT080584.2
1585,NONHSAT080588.2
1586,NONHSAT094702.2
1587,NONHSAT102802.2
1588,NONHSAT102807.2
1589,NONHSAT102808.2
1590,NONHSAT103250.2
1591,NONHSAT106801.2
1592,NONHSAT135575.2
1593,NONHSAT135576.2
1594,NONHSAT135577.2
1595,NONHSAT135578.2
1596,NONHSAT135579.2
1597,NONHSAT135580.2
1598,NONHSAT135581.2
1599,NONHSAT135582.2
1600,NONHSAT136250.2
1601,NONHSAT145779.2
1602,NONHSAT000228.2
1603,NONHSAT081012.2
1604,NONHSAT081013.2
1605,NONHSAT081014.2
1606,NONHSAT081015.2
1607,NONHSAT036774.2
1608,NONHSAT036775.2
1609,NONHSAT036778.2
1610,NONHSAT096369.2
1611,NONHSAT096371.2
1612,NONHSAT096372.2
1613,NONHSAT096373.2
1614,NONHSAT096375.2
1615,NONHSAT096376.2
1616,NONHSAT096378.2
1617,NONHSAT104138.2
1618,NONHSAT104143.2
1619,NONHSAT104145.2
1620,NONHSAT122447.2
1621,NONHSAT124553.2
1622,NONHSAT124554.2
1623,NONHSAT124555.2
1624,NONHSAT124556.2
1625,NONHSAT124557.2
1626,NONHSAT124558.2
1627,NONHSAT128111.2
1628,NONHSAT002817.2
1629,NONHSAT002818.2
1630,NONHSAT002819.2
1631,NONHSAT002820.2
1632,NONHSAT002822.2
1633,NONHSAT003081.2
1634,NONHSAT007037.2
1635,NONHSAT015139.2
1636,NONHSAT015142.2
1637,NONHSAT015164.2
1638,NONHSAT018078.2
1639,NONHSAT018087.2
1640,NONHSAT018088.2
1641,NONHSAT018089.2
1642,NONHSAT018090.2
1643,NONHSAT018796.2
1644,NONHSAT040285.2
1645,NONHSAT040286.2
1646,NONHSAT053905.2
1647,NONHSAT053906.2
1648,NONHSAT053907.2
1649,NONHSAT053908.2
1650,NONHSAT054914.2
1651,NONHSAT054915.2
1652,NONHSAT054916.2
1653,NONHSAT060807.2
1654,NONHSAT079169.2
1655,NONHSAT079170.2
1656,NONHSAT079171.2
1657,NONHSAT079172.2
1658,NONHSAT079173.2
1659,NONHSAT082399.2
1660,NONHSAT096506.2
1661,NONHSAT124969.2
1662,NONHSAT124970.2
1663,NONHSAT124971.2
1664,NONHSAT124972.2
1665,NONHSAT124973.2
1666,NONHSAT124974.2
1667,NONHSAT124976.2
1668,NONHSAT137606.2
1669,NONHSAT143214.2
1670,NONHSAT143224.2
1671,NONHSAT146422.2
1672,NONHSAT146423.2
1673,NONHSAT146431.2
1674,NONHSAT146441.2
1675,NONHSAT146442.2
1676,NONHSAT090735.2
1677,NONHSAT090738.2
1678,NONHSAT090740.2
1679,NONHSAT090741.2
1680,NONHSAT090742.2
1681,NONHSAT052970.2
1682,NONHSAT053437.2
1683,NONHSAT119053.2
1684,NONHSAT137908.2
1685,NONHSAT004776.2
1686,NONHSAT006254.2
1687,NONHSAT012815.2
1688,NONHSAT015383.2
1689,NONHSAT015384.2
1690,NONHSAT015385.2
1691,NONHSAT015970.2
1692,NONHSAT017914.2
1693,NONHSAT021986.2
1694,NONHSAT052932.2
1695,NONHSAT053108.2
1696,NONHSAT075798.2
1697,NONHSAT095689.2
1698,NONHSAT108768.2
1699,NONHSAT108774.2
1700,NONHSAT108775.2
1701,NONHSAT116708.2
1702,NONHSAT116709.2
1703,NONHSAT117705.2
1704,NONHSAT118398.2
1705,NONHSAT118399.2
1706,NONHSAT127496.2
1707,NONHSAT128081.2
1708,NONHSAT128083.2
1709,NONHSAT146843.2
1710,NONHSAT146844.2
1711,NONHSAT146845.2
1712,NONHSAT146846.2
1713,NONHSAT146847.2
1714,NONHSAT146848.2
1715,NONHSAT146854.2
1716,NONHSAT146855.2
1717,NONHSAT146856.2
1718,NONHSAT146859.2
1719,NONHSAT146861.2
1720,NONHSAT146862.2
1721,NONHSAT146863.2
1722,NONHSAT146864.2
1723,NONHSAT146866.2
1724,NONHSAT129629.2
1725,NONHSAT009691.2
1726,NONHSAT059880.2
1727,NONHSAT059881.2
1728,NONHSAT059882.2
1729,NONHSAT121702.2
1730,NONHSAT121703.2
1731,NONHSAT121704.2
1732,NONHSAT121705.2
1733,NONHSAT121706.2
1734,NONHSAT121707.2
1735,NONHSAT121708.2
1736,NONHSAT121709.2
1737,NONHSAT121710.2
1738,NONHSAT121711.2
1739,NONHSAT121712.2
1740,NONHSAT121713.2
1741,NONHSAT121714.2
1742,NONHSAT121715.2
1743,NONHSAT121716.2
1744,NONHSAT121717.2
1745,NONHSAT121718.2
1746,NONHSAT121721.2
1747,NONHSAT121722.2
1748,NONHSAT121723.2
1749,NONHSAT121725.2
1750,NONHSAT121726.2
1751,NONHSAT134524.2
1752,NONHSAT134527.2
1753,NONHSAT134528.2
1754,NONHSAT024857.2
1755,NONHSAT027933.2
1756,NONHSAT027936.2
1757,NONHSAT047859.2
1758,NONHSAT047860.2
1759,NONHSAT047861.2
1760,NONHSAT047862.2
1761,NONHSAT047863.2
1762,NONHSAT047864.2
1763,NONHSAT047865.2
1764,NONHSAT061185.2
1765,NONHSAT098523.2
1766,NONHSAT098524.2
1767,NONHSAT128590.2
1768,NONHSAT129028.2
1769,NONHSAT129029.2
1770,NONHSAT129030.2
1771,NONHSAT129035.2
1772,NONHSAT148065.2
1773,NONHSAT016411.2
1774,NONHSAT025149.2
1775,NONHSAT078938.2
1776,NONHSAT092772.2
1777,NONHSAT095949.2
1778,NONHSAT113295.2
1779,NONHSAT113296.2
1780,NONHSAT119799.2
1781,NONHSAT055062.2
1782,NONHSAT055063.2
1783,NONHSAT055065.2
1784,NONHSAT055070.2
1785,NONHSAT055071.2
1786,NONHSAT055072.2
1787,NONHSAT072509.2
1788,NONHSAT072511.2
1789,NONHSAT072513.2
1790,NONHSAT142607.2
1791,NONHSAT142608.2
1792,NONHSAT142610.2
1793,NONHSAT142611.2
1794,NONHSAT142612.2
1795,NONHSAT142613.2
1796,NONHSAT142614.2
1797,NONHSAT142615.2
1798,NONHSAT142616.2
1799,NONHSAT142617.2
1800,NONHSAT142618.2
1801,NONHSAT142619.2
1802,NONHSAT142620.2
1803,NONHSAT147835.2
1804,NONHSAT147836.2
1805,NONHSAT147837.2
1806,NONHSAT147838.2
1807,NONHSAT147840.2
1808,NONHSAT147841.2
1809,NONHSAT005609.2
1810,NONHSAT050160.2
1811,NONHSAT063820.2
1812,NONHSAT068185.2
1813,NONHSAT071823.2
1814,NONHSAT087925.2
1815,NONHSAT030942.2
1816,NONHSAT030943.2
1817,NONHSAT030944.2
1818,NONHSAT030945.2
1819,NONHSAT030946.2
1820,NONHSAT030947.2
1821,NONHSAT030949.2
1822,NONHSAT037011.2
1823,NONHSAT037013.2
1824,NONHSAT037014.2
1825,NONHSAT037015.2
1826,NONHSAT037016.2
1827,NONHSAT041896.2
1828,NONHSAT042160.2
1829,NONHSAT042161.2
1830,NONHSAT042164.2
1831,NONHSAT042165.2
1832,NONHSAT054728.2
1833,NONHSAT054729.2
1834,NONHSAT054730.2
1835,NONHSAT054731.2
1836,NONHSAT054733.2
1837,NONHSAT066467.2
1838,NONHSAT066470.2
1839,NONHSAT066471.2
1840,NONHSAT079433.2
1841,NONHSAT087071.2
1842,NONHSAT096009.2
1843,NONHSAT097394.2
1844,NONHSAT097395.2
1845,NONHSAT097399.2
1846,NONHSAT097400.2
1847,NONHSAT097401.2
1848,NONHSAT097402.2
1849,NONHSAT113182.2
1850,NONHSAT113185.2
1851,NONHSAT113186.2
1852,NONHSAT113187.2
1853,NONHSAT113189.2
1854,NONHSAT115347.2
1855,NONHSAT115349.2
1856,NONHSAT115350.2
1857,NONHSAT115351.2
1858,NONHSAT115352.2
1859,NONHSAT115353.2
1860,NONHSAT115354.2
1861,NONHSAT115355.2
1862,NONHSAT116014.2
1863,NONHSAT116015.2
1864,NONHSAT116016.2
1865,NONHSAT116017.2
1866,NONHSAT116018.2
1867,NONHSAT116019.2
1868,NONHSAT116021.2
1869,NONHSAT116022.2
1870,NONHSAT116023.2
1871,NONHSAT121960.2
1872,NONHSAT001258.2
1873,NONHSAT018298.2
1874,NONHSAT018304.2
1875,NONHSAT018305.2
1876,NONHSAT018306.2
1877,NONHSAT018307.2
1878,NONHSAT018308.2
1879,NONHSAT018309.2
1880,NONHSAT035844.2
1881,NONHSAT035845.2
1882,NONHSAT035906.2
1883,NONHSAT035907.2
1884,NONHSAT035909.2
1885,NONHSAT035910.2
1886,NONHSAT061529.2
1887,NONHSAT061530.2
1888,NONHSAT061533.2
1889,NONHSAT061534.2
1890,NONHSAT061535.2
1891,NONHSAT061536.2
1892,NONHSAT061539.2
1893,NONHSAT061540.2
1894,NONHSAT061612.2
1895,NONHSAT061642.2
1896,NONHSAT061643.2
1897,NONHSAT061644.2
1898,NONHSAT061645.2
1899,NONHSAT061654.2
1900,NONHSAT061655.2
1901,NONHSAT061656.2
1902,NONHSAT061661.2
1903,NONHSAT061664.2
1904,NONHSAT061665.2
1905,NONHSAT067075.2
1906,NONHSAT094825.2
1907,NONHSAT094826.2
1908,NONHSAT094827.2
1909,NONHSAT094828.2
1910,NONHSAT094829.2
1911,NONHSAT094830.2
1912,NONHSAT094831.2
1913,NONHSAT094832.2
1914,NONHSAT094833.2
1915,NONHSAT094834.2
1916,NONHSAT094835.2
1917,NONHSAT119106.2
1918,NONHSAT119107.2
1919,NONHSAT122461.2
1920,NONHSAT135070.2
1921,NONHSAT135079.2
1922,NONHSAT135081.2
1923,NONHSAT135083.2
1924,NONHSAT138939.2
1925,NONHSAT143828.2
1926,NONHSAT147980.2
1927,NONHSAT002854.2
1928,NONHSAT002856.2
1929,NONHSAT002857.2
1930,NONHSAT002858.2
1931,NONHSAT002859.2
1932,NONHSAT013170.2
1933,NONHSAT013998.2
1934,NONHSAT013999.2
1935,NONHSAT041430.2
1936,NONHSAT041439.2
1937,NONHSAT041440.2
1938,NONHSAT041441.2
1939,NONHSAT060077.2
1940,NONHSAT060078.2
1941,NONHSAT060079.2
1942,NONHSAT067268.2
1943,NONHSAT078099.2
1944,NONHSAT078100.2
1945,NONHSAT078101.2
1946,NONHSAT078102.2
1947,NONHSAT078103.2
1948,NONHSAT078845.2
1949,NONHSAT078846.2
1950,NONHSAT078847.2
1951,NONHSAT079655.2
1952,NONHSAT079659.2
1953,NONHSAT079660.2
1954,NONHSAT079661.2
1955,NONHSAT079662.2
1956,NONHSAT079664.2
1957,NONHSAT079668.2
1958,NONHSAT091001.2
1959,NONHSAT091024.2
1960,NONHSAT091025.2
1961,NONHSAT101039.2
1962,NONHSAT101042.2
1963,NONHSAT101043.2
1964,NONHSAT103210.2
1965,NONHSAT103211.2
1966,NONHSAT103212.2
1967,NONHSAT103213.2
1968,NONHSAT103215.2
1969,NONHSAT108608.2
1970,NONHSAT116372.2
1971,NONHSAT116587.2
1972,NONHSAT116938.2
1973,NONHSAT117289.2
1974,NONHSAT117948.2
1975,NONHSAT118301.2
1976,NONHSAT134565.2
1977,NONHSAT134859.2
1978,NONHSAT135445.2
1979,NONHSAT139280.2
1980,NONHSAT140738.2
1981,NONHSAT141423.2
1982,NONHSAT144320.2
1983,NONHSAT145409.2
1984,NONHSAT145410.2
1985,NONHSAT145412.2
1986,NONHSAT023388.2
1987,NONHSAT023391.2
1988,NONHSAT023392.2
1989,NONHSAT023393.2
1990,NONHSAT023394.2
1991,NONHSAT023395.2
1992,NONHSAT023396.2
1993,NONHSAT023992.2
1994,NONHSAT026882.2
1995,NONHSAT031577.2
1996,NONHSAT036224.2
1997,NONHSAT036225.2
1998,NONHSAT036226.2
1999,NONHSAT036227.2
2000,NONHSAT036228.2
2001,NONHSAT065983.2
2002,NONHSAT065984.2
2003,NONHSAT065985.2
2004,NONHSAT065986.2
2005,NONHSAT065987.2
2006,NONHSAT065988.2
2007,NONHSAT065989.2
2008,NONHSAT065990.2
2009,NONHSAT065991.2
2010,NONHSAT065992.2
2011,NONHSAT065993.2
2012,NONHSAT065994.2
2013,NONHSAT065995.2
2014,NONHSAT065996.2
2015,NONHSAT069763.2
2016,NONHSAT069765.2
2017,NONHSAT069766.2
2018,NONHSAT108303.2
2019,NONHSAT130413.2
2020,NONHSAT130414.2
2021,NONHSAT130415.2
2022,NONHSAT130416.2
2023,NONHSAT130417.2
2024,NONHSAT130418.2
2025,NONHSAT130419.2
2026,NONHSAT130420.2
2027,NONHSAT130421.2
2028,NONHSAT130422.2
2029,NONHSAT130423.2
2030,NONHSAT130424.2
2031,NONHSAT130425.2
2032,NONHSAT130426.2
2033,NONHSAT130427.2
2034,NONHSAT130429.2
2035,NONHSAT130430.2
2036,NONHSAT130431.2
2037,NONHSAT130433.2
2038,NONHSAT130434.2
2039,NONHSAT133489.2
2040,NONHSAT139487.2
2041,NONHSAT139488.2
2042,NONHSAT139490.2
2043,NONHSAT139491.2
2044,NONHSAT033907.2
2045,NONHSAT033908.2
2046,NONHSAT033909.2
2047,NONHSAT033910.2
2048,NONHSAT033911.2
2049,NONHSAT033912.2
2050,NONHSAT033913.2
2051,NONHSAT033914.2
2052,NONHSAT033915.2
2053,NONHSAT033916.2
2054,NONHSAT033917.2
2055,NONHSAT033918.2
2056,NONHSAT033919.2
2057,NONHSAT033920.2
2058,NONHSAT033921.2
2059,NONHSAT033922.2
2060,NONHSAT033923.2
2061,NONHSAT033924.2
2062,NONHSAT033925.2
2063,NONHSAT033926.2
2064,NONHSAT033927.2
2065,NONHSAT033928.2
2066,NONHSAT033929.2
2067,NONHSAT033930.2
2068,NONHSAT033931.2
2069,NONHSAT033932.2
2070,NONHSAT056928.2
2071,NONHSAT060338.2
2072,NONHSAT066857.2
2073,NONHSAT066858.2
2074,NONHSAT066860.2
2075,NONHSAT066861.2
2076,NONHSAT066862.2
2077,NONHSAT075169.2
2078,NONHSAT102746.2
2079,NONHSAT102752.2
2080,NONHSAT031806.2
2081,NONHSAT031820.2
2082,NONHSAT031827.2
2083,NONHSAT031828.2
2084,NONHSAT060528.2
2085,NONHSAT118737.2
2086,NONHSAT118738.2
2087,NONHSAT118739.2
2088,NONHSAT118740.2
2089,NONHSAT118741.2
2090,NONHSAT118742.2
2091,NONHSAT118743.2
2092,NONHSAT118744.2
2093,NONHSAT118745.2
2094,NONHSAT118746.2
2095,NONHSAT118747.2
2096,NONHSAT119281.2
2097,NONHSAT143894.2
2098,NONHSAT143896.2
2099,NONHSAT143897.2
2100,NONHSAT143898.2
2101,NONHSAT143900.2
2102,NONHS+B2:B24AT142613.2
2103,NONHSAT058607.2
2104,NONHSAT192181.1
2105,NONHSAT081499.2
2106,NONHSAT080252.2
2107,NONHSAT024403.2
2108,NONHSAT140596.2
2109,NONHSAT216396.1
2110,NONHSAT025023.2
2111,NONHSAT054434.2
2112,NONHSAT059436.2
2113,NONHSAT078992.2
2114,NONHSAT080780.2
2115,NONHSAT141163.2
2116,NONMMUT033600.2
2117,NONHSAT039746.2
2118,NONHSAT089783.2
2119,NONHSAT121825.2
2120,NONHSAT061515.2
2121,NONHSAT010932.2
2122,NONHSAT016552.2
2123,NONHSAT129115.2
2124,NONHSAT076860.2
2125,NONHSAT037281.2
2126,NONHSAT104909.2
2127,NONHSAT211845.1
2128,NONHSAT211840.1
2129,NONHSAT096045.2
2130,NONHSAT048149.2
2131,NONHSAT081887.2
2132,NONHSAT055705.2
2133,NONHSAT037027.2
2134,NONHSAT033330.2
2135,NONHSAT008940.2
2136,NONHSAT091073.2
2137,NONHSAT091322.2
2138,NONHSAT012768.2
2139,NONHSAT109849.2
2140,NONHSAT030854.2
2141,NONHSAT082339.2
2142,NONHSAT125829.2
2143,NONHSAT215980.1
2144,NONHSAT101321.2
2145,NONHSAT028712.2
2146,NONHSAT079548.2
2147,NONHSAT209051.1
2148,NONHSAT001380.2
2149,NONHSAT186531.1
2150,NONHSAT130775.2
2151,NONHSAT193873.1
2152,NONHSAT030091.2
2153,NONHSAT093469.2
2154,NONHSAT204811.1
2155,NONHSAT115433.2
2156,NONHSAT018660.2
2157,NONHSAT080209.2
2158,NONHSAT068157.2
2159,NONHSAT108049.2
2160,NONMMUT003417.2
2161,NONHSAT095059.2
2162,NONHSAT131775.2
2163,NONHSAT076682.2
2164,NONHSAT083310.2
2165,NONHSAT113685.2
2166,NONHSAT190605.1
2167,NONHSAT015237.2
2168,NONHSAT136830.2
2169,NONHSAT220367.1
2170,NONHSAT029927.2
2171,NONHSAT102745.2
2172,NONHSAT144856.2
2173,NONHSAT073642.2
2174,NONHSAT004050.2
2175,NONHSAT129015.2
2176,NONHSAT008851.2
2177,NONHSAT162221.1
2178,NONHSAT130962.2
2179,NONHSAT088615.2
2180,NONHSAT005298.2
2181,NONHSAT074777.2
2182,NONHSAT108584.2
2183,NONHSAT129042.2
2184,NONHSAT217607.1
2185,NONHSAT104623.2
2186,NONHSAT037272.2
2187,NONHSAT152124.1
2188,NONHSAT123383.2
2189,NONHSAT009445.2
2190,NONHSAT015325.2
2191,NONHSAT017013.2
2192,NONHSAT007033.2
2193,NONHSAT114575.2
2194,NONHSAT219668.1
2195,NONHSAT078721.2
2196,NONHSAT131800.2
2197,NONHSAT047148.2
2198,NONHSAT147803.2
2199,NONHSAT136767.2
2200,NONHSAT216393.1
2201,NONHSAT097756.2
2202,NONHSAT212227.1
2203,NONHSAT134894.2
2204,NONHSAT079656.2
2205,NONHSAT056107.2
2206,NONHSAT034741.2
2207,NONHSAT091315.2
2208,NONHSAT156726.1
2209,NONHSAT178426.1
2210,NONHSAT012611.2
2211,NONHSAT068135.2
2212,NONHSAT077943.2
2213,NONHSAT079309.2
2214,NONHSAT091020.2
2215,NONHSAT074491.2
2216,NONHSAT053813.2
2217,NONHSAT078302.2
2218,NONHSAT114996.2
2219,NONHSAT127528.2
2220,NONHSAT083172.2
2221,NONHSAT135333.2
2222,NONHSAT033669.2
2223,NONHSAT017487.2
2224,NONMMUT073474.2
2225,NONHSAT035182.2
2226,NONHSAT165861.1
2227,NONHSAT016940.2
2228,NONHSAT044062.2
2229,NONHSAT053635.2
2230,NONHSAT100200.2
2231,NONHSAT006113.2
2232,NONHSAT024777.2
2233,NONHSAT060641.2
2234,NONHSAT162001.1
2235,NONHSAT170964.1
2236,NONHSAT048456.2
2237,NONHSAT010867.2
2238,NONHSAT001017.2
2239,NONHSAT041366.2
2240,NONHSAT129999.2
2241,NONHSAT155854.1
2242,NONHSAT164150.1
2243,NONHSAT067498.2
2244,NONHSAT174230.1
2245,NONHSAT115085.2
2246,NONHSAT033474.2
2247,NONHSAT087716.2
2248,NONHSAT036413.2
2249,NONHSAT088807.2
2250,NONHSAT136506.2
2251,NONHSAT129152.2
2252,NONHSAT006669.2
2253,NONHSAT133409.2
2254,NONHSAT081504.2
2255,NONHSAT149689.1
2256,NONHSAT097098.2
2257,NONHSAT025216.2
2258,NONHSAT219189.1
2259,NONHSAT220383.1
2260,NONHSAT073769.2
2261,NONHSAT090262.2
2262,NONHSAT069808.2
2263,NONHSAT190869.1
2264,NONHSAT121959.2
2265,NONHSAT011308.2
2266,NONHSAT071727.2
2267,NONHSAT109006.2
2268,NONHSAT094080.2
2269,NONHSAT135073.2
2270,NONHSAT089287.2
2271,NONHSAT039471.2
2272,NONHSAT105944.2
2273,NONHSAT104073.2
2274,NONHSAT070438.2
2275,NONHSAT137539.2
2276,NONHSAT018494.2
2277,NONHSAT035043.2
2278,NONHSAT080828.2
2279,NONHSAT080827.2
2280,NONHSAT089447.2
2281,NONHSAT028530.2
2282,NONHSAT138636.2
2283,NONHSAT138623.2
2284,NONHSAT188645.1
2285,NONHSAT029278.2
2286,NONHSAT130612.2
2287,NONHSAT055686.2
2288,NONHSAT093059.2
2289,NONHSAT068918.2
2290,NONMMUT038963.2
2291,NONHSAT090373.2
2292,NONHSAT164169.1
2293,NONHSAT055064.2
2294,NONHSAT079732.2
2295,NONHSAT090482.2
2296,NONHSAT213312.1
2297,NONHSAT091300.2
2298,NONHSAT168180.1
2299,NONHSAT134764.2
2300,NONHSAT121673.2
2301,NONHSAT131270.2
2302,NONHSAT119684.2
2303,NONHSAT032756.2
2304,NONHSAT072771.2
2305,NONHSAT115325.2
2306,NONHSAT196220.1
2307,NONHSAT076954.2
2308,NONHSAT075710.2
2309,NONHSAT121095.2
2310,NONHSAT101638.2
2311,NONHSAT040974.2
2312,NONHSAT053761.2
2313,NONHSAT123731.2
2314,NONHSAT017669.2
2315,NONHSAT166000.1
2316,NONHSAT028881.2
2317,NONHSAT166001.1
2318,NONHSAT103894.2
2319,NONHSAT217221.1
2320,NONHSAT112465.2
2321,NONHSAT072948.2
2322,NONHSAT081889.2
2323,NONHSAT135042.2
2324,NONHSAT115182.2
2325,NONHSAT082908.2
2326,NONHSAT093153.2
2327,NONHSAT082457.2
2328,NONHSAT006999.2
2329,NONHSAT018085.2
2330,NONHSAT183221.1
2331,NONHSAT094684.2
2332,NONHSAT192041.1
2333,NONHSAT131964.2
2334,NONHSAT192131.1
2335,NONHSAT058756.2
2336,NONHSAT129016.2
2337,NONHSAT155370.1
2338,NONHSAT219853.1
2339,NONHSAT076153.2
2340,NONHSAT029958.2
2341,NONHSAT052811.2
2342,NONHSAT005521.2
2343,NONHSAT131377.2
2344,NONHSAT155866.1
2345,NONHSAT031252.2
2346,NONHSAT080736.2
2347,NONHSAT090811.2
2348,NONHSAT026383.2
2349,NONHSAT116113.2
2350,NONHSAT162285.1
2351,NONHSAT075648.2
2352,NONHSAT120262.2
2353,NONHSAT057125.2
2354,NONHSAT027515.2
2355,NONHSAT124417.2
2356,NONHSAT095573.2
2357,NONHSAT169679.1
2358,NONHSAT099183.2
2359,NONHSAT203027.1
2360,NONHSAT074249.2
2361,NONHSAT121995.2
2362,NONHSAT119409.2
2363,NONHSAT075528.2
2364,NONHSAT194403.1
2365,NONHSAT040920.2
2366,NONHSAT113149.2
2367,NONHSAT081904.2
2368,NONHSAT073124.2
2369,NONHSAT098416.2
2370,NONMMUT061682.2
2371,NONHSAT097975.2
2372,NONHSAT090320.2
2373,NONHSAT112472.2
2374,NONHSAT150722.1
2375,NONHSAT144573.2
2376,NONHSAT127337.2
2377,NONHSAT157325.1
2378,NONHSAT099793.2
2379,NONHSAT079712.2
2380,NONHSAT054180.2
2381,NONHSAT098491.2
2382,NONHSAT096158.2
2383,NONHSAT032777.2
2384,NONHSAT029308.2
2385,NONHSAT103433.2
2386,NONHSAT145932.2
2387,NONHSAT079673.2
2388,NONHSAT090248.2
2389,NONHSAT025947.2
2390,NONHSAT081355.2
2391,NONHSAT082231.2
2392,NONHSAT102662.2
2393,NONHSAT032813.2
2394,NONHSAT010460.2
2395,NONHSAT166723.1
2396,NONHSAT103474.2
2397,NONHSAT003601.2
2398,NONHSAT100367.2
2399,NONHSAT122914.2
2400,NONHSAT033562.2
2401,NONHSAT191989.1
2402,NONHSAT199607.1
2403,NONHSAT223106.1
2404,NONMMUT075103.1
2405,NONHSAT099263.2
2406,NONHSAT128466.2
2407,NONHSAT032761.2
2408,NONHSAT202924.1
2409,NONHSAT010185.2
2410,NONHSAT143633.2
2411,NONHSAT002289.2
2412,NONHSAT025263.2
2413,NONHSAT171307.1
2414,NONHSAT032461.2
2415,NONHSAT087176.2
2416,NONHSAT010628.2
2417,NONHSAT037082.2
2418,NONHSAT087047.2
2419,NONHSAT059611.2
2420,NONHSAT053330.2
2421,NONHSAT015482.2
2422,NONHSAT192063.1
2423,NONHSAT195081.1
2424,NONHSAT000157.2
2425,NONHSAT191128.1
2426,NONHSAT091056.2
2427,NONHSAT112932.2
2428,NONHSAT102952.2
2429,NONHSAT213617.1
2430,NONHSAT132973.2
2431,NONHSAT071693.2
2432,NONHSAT078998.2
2433,NONHSAT037832.2
2434,NONHSAT055167.2
2435,NONHSAT127587.2
2436,NONHSAT133644.2
2437,NONHSAT054701.2
2438,NONHSAT035379.2
2439,NONHSAT093375.2
2440,NONHSAT009508.2
2441,NONHSAT092877.2
2442,NONHSAT126708.2
2443,NONHSAT078273.2
2444,NONHSAT091197.2
2445,NONHSAT113139.2
2446,NONHSAT002564.2
2447,NONHSAT017939.2
2448,NONHSAT108735.2
2449,NONHSAT076372.2
2450,NONHSAT099986.2
2451,NONHSAT081602.2
2452,NONHSAT174866.1
2453,NONHSAT150184.1
2454,NONMMUT057431.2
2455,NONHSAT076256.2
2456,NONHSAT185465.1
2457,NONHSAT048295.2
2458,NONHSAT033505.2
2459,NONHSAT057265.2
2460,NONHSAT017506.2
2461,NONHSAT099566.2
2462,NONHSAT094847.2
2463,NONHSAT142695.2
2464,NONHSAT103367.2
2465,NONHSAT107830.2
2466,NONHSAT125422.2
2467,NONHSAT104328.2
2468,NONHSAT041865.2
2469,NONHSAT054070.2
2470,NONMMUT067013.2
2471,NONHSAT129558.2
2472,NONHSAT190705.1
2473,NONHSAT127735.2
2474,NONHSAT123093.2
2475,NONHSAT036719.2
2476,NONHSAT009289.2
2477,NONHSAT069304.2
2478,NONHSAT069300.2
2479,NONHSAT203249.1
2480,NONHSAT209997.1
2481,NONHSAT115887.2
2482,NONHSAT017531.2
2483,NONHSAT114139.2
2484,NONHSAT115904.2
2485,NONHSAT092350.2
2486,NONHSAT046901.2
2487,NONHSAT080548.2
2488,NONHSAT094011.2
2489,NONHSAT029827.2
2490,NONHSAT216199.1
2491,NONHSAT128159.2
2492,NONHSAT028145.2
2493,NONHSAT189080.1
2494,NONHSAT193031.1
2495,NONHSAT090146.2
2496,NONHSAT131930.2
2497,NONHSAT025464.2
2498,NONHSAT090660.2
2499,NONHSAT074577.2
2500,NONHSAT136082.2
2501,NONHSAT031507.2
2502,NONHSAT082960.2
2503,NONHSAT041665.2
2504,NONHSAT005138.2
2505,NONHSAT066908.2
2506,NONHSAT074614.2
2507,NONHSAT083369.2
2508,NONHSAT083333.2
2509,NONHSAT071645.2
2510,NONHSAT038029.2
2511,NONHSAT040032.2
2512,NONHSAT194444.1
2513,NONHSAT101073.2
2514,NONHSAT106620.2
2515,NONHSAT003808.2
2516,NONHSAT034720.2
2517,NONHSAT069751.2
2518,NONHSAT108902.2
2519,NONHSAT108979.2
2520,NONHSAT114584.2
2521,NONHSAT222686.1
2522,NONHSAT082896.2
2523,NONHSAT119754.2
2524,NONHSAT054203.2
2525,NONHSAT089478.2
2526,NONHSAT078925.2
2527,NONHSAT008992.2
2528,NONHSAT122568.2
2529,NONHSAT122573.2
2530,NONHSAT089400.2
2531,NONHSAT120220.2
2532,NONHSAT018688.2
2533,NONHSAT059682.2
2534,NONHSAT033279.2
2535,NONHSAT033704.2
2536,NONHSAT080139.2
2537,NONHSAT033693.2
2538,NONHSAT046983.2
2539,NONHSAT116024.2
2540,NONHSAT040147.2
2541,NONHSAT087954.2
2542,NONHSAT005570.2
2543,NONHSAT081839.2
2544,NONHSAT055460.2
2545,NONHSAT088694.2
2546,NONHSAT015546.2
2547,NONHSAT223619.1
2548,NONHSAT138957.2
2549,NONHSAT087349.2
2550,NONHSAT047687.2
2551,NONHSAT048319.2
2552,NONHSAT026329.2
2553,NONHSAT025436.2
2554,NONHSAT081763.2
2555,NONHSAT122469.2
2556,NONHSAT114951.2
2557,NONHSAT097072.2
2558,NONHSAT073200.2
2559,NONHSAT068615.2
2560,NONHSAT070385.2
2561,NONHSAT000158.2
2562,NONHSAT004290.2
2563,NONHSAT001361.2
2564,NONHSAT055641.2
2565,NONHSAT093029.2
2566,NONHSAT050194.2
2567,NONHSAT063909.2
2568,NONHSAT026950.2
2569,NONHSAT222952.1
2570,NONHSAT182042.1
2571,NONHSAT149031.1
2572,NONHSAT105049.2
2573,NONHSAT131524.2
2574,NONHSAT120639.2
2575,NONHSAT131859.2
2576,NONHSAT133846.2
2577,NONHSAT011799.2
2578,NONHSAT192256.1
2579,NONHSAT113748.2
2580,NONHSAT148102.2
2581,NONHSAT116266.2
2582,NONHSAT207475.1
2583,NONHSAT071264.2
2584,NONHSAT104833.2
2585,NONHSAT074236.2
2586,NONHSAT204412.1
2587,NONHSAT093819.2
2588,NONHSAT175706.1
2589,NONHSAT104813.2
2590,NONHSAT204909.1
2591,NONHSAT041338.2
2592,NONHSAT036120.2
2593,NONHSAT039569.2
2594,NONHSAT041160.2
2595,NONHSAT031779.2
2596,NONHSAT031865.2
2597,NONHSAT028154.2
2598,NONHSAT044111.2
2599,NONHSAT087708.2
2600,NONHSAT030111.2
2601,NONHSAT196441.1
2602,NONHSAT102690.2
2603,NONHSAT123349.2
2604,NONHSAT084535.2
2605,NONHSAT068201.2
2606,NONHSAT134700.2
2607,NONHSAT036132.2
2608,NONHSAT134613.2
2609,NONHSAT068907.2
2610,NONHSAT173540.1
2611,NONHSAT138057.2
2612,NONHSAT215952.1
2613,NONHSAT140338.2
2614,NONHSAT092290.2
2615,NONHSAT074043.2
2616,NONHSAT092172.2
2617,NONHSAT101498.2
2618,NONHSAT108367.2
2619,NONHSAT078782.2
2620,NONHSAT067602.2
2621,NONHSAT121379.2
2622,NONHSAT131276.2
2623,NONHSAT131467.2
2624,NONHSAT093126.2
2625,NONHSAT003839.2
2626,NONHSAT126165.2
2627,NONHSAT087922.2
2628,NONHSAT039367.2
2629,NONHSAT138909.2
2630,NONHSAT108368.2
2631,NONHSAT080021.2
2632,NONHSAT136057.2
2633,NONHSAT146006.2
2634,NONHSAT007426.2
2635,NONHSAT112704.2
2636,NONHSAT066871.2
2637,NONHSAT054855.2
2638,NONHSAT204282.1
2639,NONHSAT042446.2
2640,NONHSAT005428.2
2641,NONHSAT005424.2
2642,NONHSAT060093.2
2643,NONHSAT119503.2
2644,NONHSAT032435.2
2645,NONHSAT101254.2
2646,NONHSAT087201.2
2647,NONHSAT015961.2
2648,NONHSAT037065.2
2649,NONHSAT022893.2
2650,NONHSAT209980.1
2651,NONHSAT032688.2
2652,NONHSAT081741.2
2653,NONHSAT073789.2
2654,NONHSAT000815.2
2655,NONHSAT144828.2
2656,NONHSAT152891.1
2657,NONHSAT087271.2
2658,NONHSAT108940.2
2659,NONHSAT040969.2
2660,NONHSAT031119.2
2661,NONHSAT023369.2
2662,NONHSAT079418.2
2663,NONHSAT068731.2
2664,NONHSAT033870.2
2665,NONHSAT068922.2
2666,NONHSAT053931.2
2667,NONHSAT102316.2
2668,NONMMUT015511.2
2669,NONHSAT097781.2
2670,NONHSAT095826.2
2671,NONHSAT054964.2
2672,NONHSAT078124.2
2673,NONHSAT165622.1
2674,NONHSAT144402.2
2675,NONHSAT039454.2
2676,NONHSAT105161.2
2677,NONHSAT003368.2
2678,NONHSAT103194.2
2679,NONHSAT095672.2
2680,NONHSAT113819.2
2681,NONHSAT171082.1
2682,NONHSAT031928.2
2683,NONHSAT083579.2
2684,NONHSAT000445.2
2685,NONHSAT139340.2
2686,NONHSAT034905.2
2687,NONHSAT078217.2
2688,NONHSAT046622.2
2689,NONHSAT136891.2
2690,NONHSAT143446.2
2691,NONHSAT149056.1
2692,NONHSAT151147.1
2693,NONHSAT151571.1
2694,NONHSAT151693.1
2695,NONHSAT151819.1
2696,NONHSAT152032.1
2697,NONHSAT181821.1
2698,NONHSAT183633.1
2699,NONHSAT185389.1
2700,NONHSAT198427.1
2701,NONHSAT198536.1
2702,NONHSAT200295.1
2703,NONHSAT202907.1
2704,NONHSAT209626.1
2705,NONHSAT211803.1
2706,NONHSAT211806.1
2707,NONHSAT212779.1
2708,NONHSAT215931.1
2709,NONHSAT216034.1
2710,NONHSAT217274.1
2711,NONHSAT217590.1
2712,NONHSAT220098.1
2713,NONHSAT220875.1
2714,NONHSAT160230.1
2715,NONHSAT161925.1
2716,NONHSAT162802.1
2717,NONHSAT163480.1
2718,NONHSAT163839.1
2719,NONHSAT168219.1
2720,NONHSAT168423.1
2721,NONHSAT173437.1
2722,NONHSAT177467.1
2723,NONHSAT177537.1
2724,NONHSAT188511.1
2725,NONHSAT191084.1
2726,NONHSAT191213.1
2727,NONHSAT102263.2
2728,NONHSAT018001.2
2729,NONHSAT015086.2
2730,NONHSAT148521.1
2731,NONHSAT066012.2
2732,NONHSAT055562.2
2733,NONHSAT076770.2
2734,NONHSAT077942.2
2735,NONHSAT039802.2
2736,NONHSAT192718.1
2737,NONMMUT020724.2
2738,NONHSAT086789.2
2739,NONHSAT041172.2
2740,NONHSAT100155.2
2741,NONHSAT136794.2
2742,NONHSAT059690.2
2743,NONHSAT079104.2
2744,NONHSAT005441.2
2745,NONHSAT071233.2
2746,NONHSAT033487.2
2747,NONHSAT104302.2
2748,NONHSAT041063.2
2749,NONHSAT033858.2
2750,NONHSAT033796.2
2751,NONHSAT081500.2
2752,NONHSAT039742.2
2753,NONHSAT140597.2
2754,NONHSAT070566.2
2755,NONHSAT082224.2
2756,NONHSAT130389.2
2757,NONHSAT080206.2
2758,NONHSAT080208.2
2759,NONHSAT039473.2
2760,NONHSAT107641.2
2761,NONHSAT077946.2
2762,NONHSAT084512.2
2763,NONHSAT061519.2
2764,NONHSAT007597.2
2765,NONHSAT018662.2
2766,NONHSAT104079.2
2767,NONHSAT018496.2
2768,NONHSAT010193.2
2769,NONHSAT080830.2
2770,NONHSAT115090.2
2771,NONHSAT131776.2
2772,NONHSAT090483.2
2773,NONHSAT009623.2
2774,NONHSAT029281.2
2775,NONHSAT096160.2
2776,NONHSAT079678.2
2777,NONHSAT090275.2
2778,NONHSAT129116.2
2779,NONHSAT000923.2
2780,NONHSAT031257.2
2781,NONHSAT113098.2
2782,NONHSAT016554.2
2783,NONHSAT112474.2
2784,NONHSAT138911.2
2785,NONHSAT001133.2
2786,NONHSAT015484.2
2787,NONHSAT108734.2
2788,NONHSAT036414.2
2789,NONHSAT011776.2
2790,NONHSAT091314.2
2791,NONHSAT091310.2
2792,NONHSAT033504.2
2793,NONHSAT031707.2
2794,NONHSAT090017.2
2795,NONHSAT030096.2
2796,NONHSAT129252.2
2797,NONHSAT069301.2
2798,NONHSAT105828.2
2799,NONHSAT203709.1
2800,NONHSAT119718.2
