71,0
71,1
71,2
71,3
71,4
71,5
71,6
71,7
71,8
71,9
71,10
71,11
71,12
71,13
71,14
71,15
71,16
71,17
71,18
71,19
71,20
71,21
71,22
71,23
71,24
71,25
71,26
71,27
71,28
71,29
71,30
71,31
71,32
71,33
71,34
71,35
71,36
71,37
71,38
71,39
71,40
71,41
71,42
71,43
71,44
71,45
71,46
71,47
71,48
71,49
71,50
71,51
71,52
71,53
71,54
71,55
71,56
71,57
71,58
71,59
71,60
71,61
71,62
71,63
71,64
71,65
71,66
71,67
71,68
71,69
71,70
71,71
71,72
71,73
71,74
71,75
71,76
71,77
71,78
71,79
71,80
71,81
71,82
71,83
71,84
71,85
71,86
71,87
71,88
71,89
71,90
96,66
96,67
96,68
96,69
96,70
96,71
96,72
96,73
96,74
96,75
96,76
96,77
96,91
96,92
96,93
102,36
102,37
102,38
102,39
102,40
102,41
102,42
102,43
102,44
102,45
102,46
102,47
102,48
102,49
102,50
102,51
102,52
102,88
102,94
102,95
102,96
102,97
102,98
102,99
102,100
102,101
102,102
102,103
102,104
102,105
102,106
102,107
102,108
102,109
102,110
102,111
102,112
102,113
102,114
102,115
102,116
102,117
102,118
102,119
102,120
102,121
102,122
102,123
102,124
102,125
102,126
102,127
102,128
102,129
102,130
102,131
102,132
102,133
102,134
102,135
102,136
102,137
102,138
102,139
102,140
102,141
102,142
102,143
102,144
102,145
102,146
102,147
102,148
102,149
102,150
102,151
102,152
102,153
102,154
102,155
102,156
102,157
102,158
102,159
102,160
102,161
102,162
102,163
102,164
102,165
102,166
102,167
102,168
102,169
102,170
102,171
102,172
102,173
102,174
102,175
102,176
102,177
102,178
102,179
102,180
102,181
102,182
102,183
102,184
102,185
102,186
102,187
102,188
102,189
102,190
102,191
102,192
102,193
102,194
102,195
102,196
102,197
102,198
102,199
102,200
102,201
104,34
104,35
104,78
104,79
104,80
104,81
104,82
104,83
104,84
104,85
104,86
104,87
104,88
104,180
104,181
104,182
104,183
104,184
104,185
104,186
104,187
104,188
104,189
104,190
104,191
104,192
104,193
104,194
104,195
104,202
104,203
104,204
104,205
104,206
104,207
104,208
104,209
104,210
104,211
104,212
104,213
104,214
104,215
104,216
104,217
104,218
104,219
104,220
104,221
104,222
104,223
104,224
104,225
104,226
104,227
104,228
104,229
104,230
104,231
104,232
104,233
104,234
104,235
104,236
104,237
104,238
104,239
104,240
104,241
104,242
104,243
104,244
104,245
104,246
104,247
104,248
104,249
104,250
104,251
104,252
104,253
104,254
104,255
104,256
104,257
104,258
104,259
104,260
104,261
104,262
104,263
104,264
104,265
104,266
104,267
104,268
104,269
104,270
104,271
104,272
104,273
104,274
104,275
104,276
104,277
104,278
104,279
104,280
104,281
104,282
104,283
104,284
104,285
104,286
104,287
104,288
104,289
104,290
104,291
104,292
104,293
104,294
104,295
104,296
104,297
104,298
104,299
104,300
104,301
104,302
104,303
104,304
104,305
104,306
104,307
104,308
104,309
104,310
104,311
104,312
104,313
104,314
104,315
104,316
104,317
104,318
104,319
104,320
104,321
104,322
104,323
104,324
104,325
104,326
104,327
104,328
104,329
104,330
104,331
104,332
104,333
104,334
104,335
104,336
104,337
104,338
104,339
104,340
104,341
104,342
104,343
104,344
104,345
104,346
104,347
104,348
104,349
104,350
104,351
104,352
104,353
104,354
104,355
104,356
104,357
104,358
104,359
104,360
104,361
104,362
104,363
104,364
104,365
104,366
104,367
104,368
104,369
104,370
104,371
104,372
104,373
104,374
104,375
104,376
104,377
104,378
104,379
104,380
104,381
104,382
104,383
104,384
104,385
104,386
104,387
104,388
104,389
104,390
104,391
104,392
104,393
104,394
104,395
104,396
104,397
104,398
104,399
104,400
104,401
104,402
104,403
104,404
104,405
104,406
104,407
104,408
104,409
104,410
104,411
104,412
104,413
104,414
104,415
104,416
104,417
104,418
104,419
104,420
104,421
104,422
104,423
104,424
104,425
104,426
104,427
104,428
104,429
104,430
104,431
104,432
104,433
104,434
104,435
104,436
104,437
104,438
104,439
104,440
104,441
104,442
104,443
104,444
104,445
104,446
104,447
104,448
104,449
104,450
104,451
104,452
104,453
104,454
104,455
104,456
104,457
104,458
104,459
104,460
104,461
104,462
104,463
104,464
104,465
104,466
104,467
104,468
104,469
104,470
104,471
104,472
104,473
104,474
104,475
104,476
104,477
104,478
104,479
104,480
104,481
104,482
104,483
104,484
104,485
104,486
104,487
104,488
104,489
104,490
104,491
104,492
104,493
104,494
104,495
104,496
104,497
104,498
104,499
104,500
104,501
104,502
104,503
104,504
104,505
104,506
104,507
104,508
104,509
104,510
104,511
104,512
104,513
104,514
104,515
104,516
104,517
104,518
104,519
104,520
104,521
104,522
104,523
104,524
104,525
104,526
104,527
104,528
104,529
104,530
104,531
104,532
104,533
104,534
104,535
104,536
104,537
104,538
104,539
104,540
104,541
104,542
104,543
108,33
108,36
108,37
108,38
108,39
108,40
108,41
108,42
108,43
108,44
108,45
108,46
108,47
108,48
108,49
108,50
108,51
108,52
108,88
108,123
108,124
108,125
108,126
108,127
108,128
108,129
108,130
108,131
108,132
108,133
108,134
108,135
108,180
108,181
108,182
108,183
108,184
108,185
108,186
108,187
108,188
108,189
108,190
108,191
108,192
108,193
108,194
108,201
108,544
108,545
108,546
108,547
108,548
108,549
108,550
108,551
108,552
108,553
108,554
108,555
108,556
108,557
108,558
108,559
108,560
108,561
108,562
108,563
108,564
108,565
108,566
108,567
108,568
108,569
108,570
108,571
108,572
108,573
108,574
108,575
108,576
108,577
108,578
108,579
108,580
108,581
108,582
108,583
108,584
108,585
108,586
108,587
108,588
108,589
108,590
108,591
108,592
124,36
124,37
124,38
124,39
124,40
124,41
124,42
124,43
124,44
124,45
124,46
124,47
124,48
124,49
124,50
124,51
124,52
124,88
124,121
124,122
124,123
124,124
124,125
124,126
124,127
124,128
124,129
124,130
124,131
124,132
124,133
124,134
124,135
124,156
124,157
124,158
124,159
124,160
124,161
124,162
124,163
124,164
124,165
124,166
124,167
124,168
124,169
124,170
124,171
124,172
124,173
124,174
124,175
124,176
124,177
124,178
124,180
124,181
124,182
124,183
124,184
124,185
124,186
124,187
124,188
124,189
124,190
124,191
124,192
124,193
124,194
124,277
124,278
124,279
124,280
124,398
124,399
124,400
124,401
124,402
124,403
124,404
124,405
124,406
124,407
124,408
124,409
124,410
124,411
124,412
124,413
124,414
124,415
124,416
124,417
124,418
124,419
124,420
124,421
124,422
124,423
124,424
124,425
124,426
124,427
124,428
124,429
124,430
124,431
124,432
124,433
124,434
124,435
124,436
124,448
124,450
124,451
124,452
124,453
124,454
124,455
124,456
124,457
124,458
124,459
124,462
124,463
124,464
124,465
124,466
124,467
124,468
124,469
124,470
124,471
124,472
124,473
124,474
124,475
124,476
124,477
124,478
124,479
124,480
124,481
124,482
124,483
124,484
124,485
124,486
124,487
124,488
124,489
124,490
124,491
124,492
124,493
124,494
124,495
124,496
124,497
124,498
124,499
124,500
124,501
124,502
124,503
124,504
124,505
124,506
124,593
124,594
124,595
124,596
124,597
124,598
124,599
124,600
124,601
124,602
124,603
124,604
124,605
124,606
124,607
124,608
124,609
124,610
124,611
124,612
124,613
124,614
124,615
124,616
124,617
124,618
124,619
124,620
124,621
124,622
124,623
124,624
124,625
124,626
124,627
124,628
124,629
124,630
124,631
124,632
124,633
124,634
124,635
124,636
124,637
124,638
124,639
124,640
124,641
124,642
124,643
124,644
124,645
124,646
124,647
124,648
124,649
124,650
124,651
124,652
124,653
124,654
124,655
124,656
124,657
124,658
124,659
124,660
124,661
124,662
124,663
124,664
124,665
124,666
124,667
124,668
124,669
124,670
124,671
124,672
124,673
124,674
124,675
124,676
124,677
124,678
124,679
124,680
124,681
124,682
124,683
124,684
124,685
124,686
124,687
124,688
124,689
124,690
124,691
124,692
124,693
124,694
124,695
124,696
124,697
124,698
124,699
124,700
124,701
124,702
124,703
124,704
124,705
124,706
124,707
124,708
124,709
124,710
124,711
124,712
124,713
124,714
124,715
124,716
124,717
124,718
124,719
124,720
124,721
124,722
124,723
124,724
124,725
124,726
124,727
124,728
124,729
124,730
152,429
152,430
152,431
152,432
152,433
152,434
152,435
152,436
152,450
152,451
152,452
152,453
152,454
152,455
152,456
152,457
152,458
152,459
152,462
152,463
152,464
152,465
152,466
152,467
152,468
152,469
152,470
152,471
152,472
152,473
152,474
152,475
152,476
152,477
152,478
152,479
152,480
152,481
152,482
152,483
152,484
152,485
152,486
152,487
152,488
152,489
152,490
152,491
152,492
152,493
152,494
152,495
152,496
152,497
152,498
152,499
152,500
152,501
152,502
152,503
152,504
152,505
152,506
152,731
152,732
152,733
152,734
152,735
152,736
152,737
152,738
152,739
152,740
152,741
152,742
152,743
152,744
152,745
152,746
152,747
152,748
152,749
152,750
152,751
185,34
185,35
185,88
185,123
185,124
185,125
185,126
185,127
185,128
185,129
185,130
185,131
185,132
185,133
185,134
185,135
185,180
185,181
185,182
185,183
185,184
185,185
185,186
185,187
185,188
185,189
185,190
185,191
185,192
185,193
185,194
185,449
185,562
185,660
185,752
185,753
185,754
185,755
185,756
185,757
185,758
185,759
185,760
185,761
185,762
185,763
185,764
185,765
185,766
185,767
185,768
185,769
185,770
185,771
185,772
185,773
185,774
185,775
185,776
185,777
185,778
185,779
185,780
185,781
185,782
185,783
185,784
185,785
185,786
185,787
185,788
185,789
185,790
185,791
185,792
185,793
185,794
185,795
185,796
185,797
185,798
185,799
185,800
185,801
185,802
185,803
185,804
185,805
185,806
185,807
185,808
185,809
185,810
185,811
185,812
185,813
185,814
185,815
185,816
185,817
185,818
185,819
185,820
185,821
185,822
185,823
185,824
185,825
185,826
185,827
185,828
185,829
185,830
185,831
185,832
185,833
185,834
185,835
185,836
185,837
185,838
185,839
185,840
185,841
185,842
185,843
185,844
185,845
185,846
185,847
185,848
185,849
185,850
185,851
185,852
185,853
185,854
185,855
185,856
185,857
185,858
185,859
185,860
185,861
185,862
185,863
185,864
185,865
185,866
185,867
185,868
185,869
185,870
185,871
185,872
185,873
185,874
185,875
185,876
185,877
185,878
185,879
185,880
185,881
185,882
185,883
185,884
185,885
185,886
185,887
185,888
185,889
185,890
185,891
185,892
185,893
185,894
185,895
185,896
185,897
185,898
185,899
185,900
185,901
185,902
185,903
185,904
185,905
207,1
207,2
207,3
207,4
207,5
207,6
207,7
207,8
207,9
207,10
207,11
207,12
207,13
207,14
207,15
207,16
207,17
207,18
207,19
207,20
207,21
207,22
207,23
207,24
207,25
207,26
207,27
207,28
207,29
207,30
207,31
207,32
207,36
207,37
207,38
207,39
207,40
207,41
207,42
207,43
207,44
207,45
207,46
207,47
207,48
207,49
207,50
207,51
207,52
207,78
207,79
207,80
207,81
207,82
207,83
207,84
207,85
207,86
207,87
207,123
207,124
207,125
207,126
207,127
207,128
207,129
207,130
207,131
207,132
207,133
207,134
207,135
207,195
207,653
207,757
207,758
207,759
207,760
207,761
207,762
207,763
207,764
207,765
207,875
207,876
207,877
207,878
207,879
207,880
207,881
207,882
207,883
207,884
207,885
207,886
207,887
207,891
207,893
207,894
207,964
207,965
207,966
207,967
207,968
207,969
207,970
207,971
207,972
207,973
207,974
207,975
207,976
207,977
207,978
207,979
207,980
207,981
207,982
207,983
207,984
207,985
207,986
207,987
207,988
207,989
207,990
207,991
207,992
207,993
207,994
207,995
207,996
207,997
207,998
207,999
207,1000
207,1001
207,1002
207,1003
207,1004
207,1005
207,1006
207,1007
207,1008
207,1009
207,1010
207,1011
207,1012
207,1013
207,1014
207,1015
207,1016
207,1017
207,1018
207,1019
207,1020
207,1021
207,1022
207,1023
207,1024
207,1025
207,1026
207,1027
207,1028
207,1029
207,1030
207,1031
207,1032
207,1033
207,1034
207,1035
207,1036
207,1037
207,1038
207,1039
207,1040
207,1041
207,1042
207,1043
207,1044
207,1045
207,1046
207,1047
207,1048
207,1049
207,1050
207,1051
207,1052
207,1053
207,1054
207,1055
207,1056
207,1057
207,1058
207,1059
207,1060
207,1061
207,1062
207,1063
207,1064
207,1065
207,1066
207,1067
207,1068
207,1069
207,1070
207,1071
207,1072
207,1073
207,1074
207,1075
207,1076
207,1077
207,1078
207,1079
207,1080
207,1081
207,1082
207,1083
207,1084
207,1085
207,1086
207,1087
207,1088
207,1089
207,1090
207,1091
217,34
217,35
217,88
217,91
217,92
217,138
217,139
217,140
217,141
217,142
217,143
217,144
217,145
217,146
217,147
217,148
217,149
217,150
217,180
217,181
217,182
217,183
217,184
217,185
217,186
217,187
217,188
217,189
217,190
217,191
217,192
217,193
217,194
217,242
217,243
217,244
217,245
217,246
217,247
217,248
217,249
217,250
217,251
217,252
217,253
217,254
217,255
217,256
217,257
217,258
217,259
217,260
217,261
217,262
217,263
217,264
217,265
217,266
217,267
217,268
217,269
217,270
217,271
217,272
217,273
217,274
217,275
217,276
217,326
217,429
217,430
217,431
217,432
217,433
217,434
217,435
217,436
217,448
217,520
217,521
217,522
217,544
217,545
217,546
217,547
217,548
217,549
217,550
217,730
217,803
217,804
217,805
217,806
217,824
217,825
217,826
217,827
217,828
217,829
217,830
217,831
217,1092
217,1093
217,1094
217,1095
217,1096
217,1097
217,1098
217,1099
217,1100
217,1101
217,1102
217,1103
217,1104
217,1105
217,1106
217,1107
217,1108
217,1109
217,1110
217,1111
217,1112
217,1113
217,1114
217,1115
217,1116
217,1117
217,1118
217,1119
217,1120
217,1121
217,1122
217,1123
217,1124
217,1125
217,1126
217,1127
217,1128
217,1129
217,1130
217,1131
217,1132
217,1133
217,1134
217,1135
217,1136
217,1137
217,1138
217,1139
217,1140
217,1141
217,1142
217,1143
217,1144
217,1145
217,1146
217,1147
217,1148
217,1149
217,1150
217,1151
217,1152
217,1153
217,1154
217,1155
217,1156
217,1157
217,1158
217,1159
217,1160
217,1161
217,1162
217,1163
217,1164
217,1165
217,1166
217,1167
217,1168
217,1169
217,1170
217,1171
217,1172
217,1173
217,1174
217,1175
217,1176
217,1177
217,1178
217,1179
217,1180
217,1181
217,1182
217,1183
217,1184
217,1185
217,1186
217,1187
217,1188
217,1189
217,1190
217,1191
217,1192
217,1193
217,1194
217,1195
217,1196
217,1197
217,1198
217,1199
217,1200
217,1201
217,1202
217,1203
217,1204
217,1205
217,1206
217,1207
217,1208
217,1209
217,1210
217,1211
217,1212
217,1213
217,1214
217,1215
217,1216
217,1217
217,1218
250,34
250,35
250,180
250,181
250,182
250,183
250,184
250,185
250,186
250,187
250,188
250,189
250,190
250,191
250,192
250,193
250,194
250,196
250,197
250,198
250,199
250,200
250,202
250,203
250,204
250,205
250,206
250,207
250,208
250,209
250,210
250,211
250,212
250,213
250,214
250,215
250,216
250,217
250,218
250,284
250,544
250,545
250,546
250,547
250,548
250,549
250,550
250,578
250,579
250,580
250,581
250,582
250,583
250,584
250,585
250,586
250,587
250,588
250,589
250,590
250,591
250,592
250,612
250,653
250,773
250,774
250,775
250,776
250,777
250,778
250,779
250,780
250,781
250,782
250,783
250,784
250,785
250,786
250,787
250,788
250,789
250,790
250,791
250,792
250,793
250,794
250,795
250,796
250,797
250,798
250,824
250,825
250,826
250,827
250,828
250,829
250,830
250,831
250,891
250,1219
250,1220
250,1221
250,1222
250,1223
250,1224
250,1225
250,1226
250,1227
250,1228
250,1229
250,1230
250,1231
250,1232
250,1233
250,1234
250,1235
250,1236
250,1237
250,1238
250,1239
250,1240
250,1241
250,1242
250,1243
250,1244
250,1245
250,1246
250,1247
250,1248
250,1249
250,1250
250,1251
250,1252
250,1253
250,1254
250,1255
250,1256
250,1257
250,1258
250,1259
250,1260
250,1261
250,1262
250,1263
250,1264
250,1265
250,1266
250,1267
250,1268
250,1269
256,1
256,2
256,3
256,4
256,5
256,6
256,7
256,8
256,9
256,10
256,11
256,12
256,13
256,14
256,15
256,16
256,17
256,18
256,19
256,20
256,21
256,22
256,23
256,24
256,25
256,26
256,27
256,28
256,29
256,30
256,31
256,32
256,123
256,124
256,125
256,126
256,127
256,128
256,129
256,130
256,131
256,132
256,133
256,134
256,135
256,180
256,181
256,182
256,183
256,184
256,185
256,186
256,187
256,188
256,189
256,190
256,191
256,192
256,193
256,194
256,429
256,430
256,431
256,432
256,433
256,434
256,435
256,436
256,449
256,507
256,508
256,509
256,510
256,511
256,730
256,773
256,774
256,775
256,776
256,777
256,778
256,779
256,780
256,781
256,782
256,783
256,784
256,785
256,786
256,787
256,788
256,789
256,790
256,791
256,792
256,793
256,794
256,795
256,796
256,797
256,798
256,945
256,1270
256,1271
256,1272
256,1273
256,1274
256,1275
256,1276
256,1277
256,1278
256,1279
256,1280
256,1281
256,1282
256,1283
256,1284
256,1285
256,1286
256,1287
256,1288
256,1289
256,1290
256,1291
256,1292
256,1293
276,36
276,37
276,38
276,39
276,40
276,41
276,42
276,43
276,44
276,45
276,46
276,47
276,48
276,49
276,50
276,51
276,52
276,88
276,99
276,100
276,101
276,102
276,103
276,104
276,105
276,121
276,122
276,231
276,232
276,233
276,234
276,235
276,242
276,243
276,244
276,245
276,246
276,247
276,248
276,249
276,250
276,251
276,252
276,253
276,254
276,255
276,256
276,257
276,258
276,259
276,326
276,544
276,545
276,546
276,547
276,548
276,549
276,550
276,892
276,906
276,907
276,908
276,909
276,910
276,911
276,912
276,913
276,914
276,915
276,916
276,917
276,918
276,919
276,920
276,921
276,922
276,923
276,924
276,925
276,926
276,927
276,928
276,929
276,930
276,931
276,932
276,933
276,934
276,935
276,936
276,937
276,938
276,939
276,940
276,941
276,942
276,943
276,944
276,945
276,946
276,947
276,948
276,949
276,950
276,951
276,952
276,953
276,954
276,955
276,956
276,957
276,958
276,959
276,960
276,961
276,962
276,963
296,1
296,2
296,3
296,4
296,5
296,6
296,7
296,8
296,9
296,10
296,11
296,12
296,13
296,14
296,15
296,16
296,17
296,18
296,19
296,20
296,21
296,22
296,23
296,24
296,25
296,26
296,27
296,28
296,29
296,30
296,31
296,32
296,36
296,37
296,38
296,39
296,40
296,41
296,42
296,43
296,44
296,45
296,46
296,47
296,48
296,49
296,50
296,51
296,52
296,88
296,180
296,181
296,182
296,183
296,184
296,185
296,186
296,187
296,188
296,189
296,190
296,191
296,192
296,193
296,194
296,231
296,232
296,233
296,234
296,235
296,429
296,430
296,431
296,432
296,433
296,434
296,435
296,436
296,767
296,768
296,769
296,808
296,809
296,810
296,811
296,812
296,813
296,814
296,815
296,816
296,817
296,818
296,819
296,820
296,1103
296,1104
296,1105
296,1106
296,1107
296,1108
296,1109
296,1110
296,1111
296,1220
296,1221
296,1222
296,1294
296,1295
296,1296
296,1297
296,1298
296,1299
296,1300
296,1301
296,1302
296,1303
296,1304
296,1305
296,1306
296,1307
296,1308
296,1309
296,1310
296,1311
296,1312
296,1313
296,1314
296,1315
296,1316
296,1317
296,1318
296,1319
296,1320
296,1321
296,1322
296,1323
296,1324
296,1325
296,1326
296,1327
296,1328
296,1329
296,1330
296,1331
296,1332
296,1333
296,1334
296,1335
296,1336
296,1337
296,1338
296,1339
296,1340
296,1341
296,1342
296,1343
296,1344
296,1345
296,1346
296,1347
296,1348
296,1349
296,1350
296,1351
296,1352
296,1353
296,1354
296,1355
296,1356
296,1357
296,1358
296,1359
296,1360
296,1361
296,1362
296,1363
296,1364
296,1365
296,1366
296,1367
296,1368
296,1369
296,1370
296,1371
296,1372
296,1373
296,1374
296,1375
296,1376
296,1377
296,1378
296,1379
296,1380
296,1381
296,1382
296,1383
296,1384
321,36
321,37
321,38
321,39
321,40
321,41
321,42
321,43
321,44
321,45
321,46
321,47
321,48
321,49
321,50
321,51
321,52
321,88
321,90
321,121
321,122
321,123
321,124
321,125
321,126
321,127
321,128
321,129
321,130
321,131
321,132
321,133
321,134
321,135
321,450
321,451
321,452
321,453
321,454
321,455
321,456
321,457
321,458
321,459
321,462
321,463
321,464
321,465
321,466
321,467
321,468
321,469
321,470
321,471
321,472
321,473
321,474
321,475
321,476
321,477
321,478
321,479
321,480
321,481
321,482
321,483
321,484
321,485
321,486
321,487
321,488
321,489
321,490
321,491
321,492
321,493
321,494
321,495
321,496
321,497
321,498
321,499
321,500
321,501
321,502
321,503
321,504
321,505
321,506
321,807
321,888
321,1366
321,1367
321,1368
321,1369
321,1370
321,1371
321,1372
321,1373
321,1374
321,1375
321,1376
321,1377
321,1378
321,1379
321,1380
321,1381
321,1382
321,1385
321,1386
321,1387
321,1388
321,1389
321,1390
321,1391
321,1392
321,1393
321,1394
321,1395
321,1396
321,1397
321,1398
321,1399
321,1400
321,1401
321,1402
321,1403
338,88
338,107
338,155
338,180
338,181
338,182
338,183
338,184
338,185
338,186
338,187
338,188
338,189
338,190
338,191
338,192
338,193
338,194
338,429
338,430
338,431
338,432
338,433
338,434
338,435
338,436
338,450
338,451
338,452
338,453
338,454
338,455
338,456
338,457
338,458
338,459
338,462
338,463
338,464
338,465
338,466
338,467
338,468
338,469
338,470
338,471
338,472
338,473
338,474
338,475
338,476
338,477
338,478
338,479
338,480
338,481
338,482
338,483
338,484
338,485
338,486
338,487
338,488
338,489
338,490
338,491
338,492
338,493
338,494
338,495
338,496
338,497
338,498
338,499
338,500
338,501
338,502
338,503
338,504
338,505
338,506
338,523
338,653
338,731
338,803
338,804
338,805
338,806
338,808
338,809
338,810
338,811
338,812
338,813
338,814
338,815
338,816
338,817
338,818
338,819
338,820
338,888
338,893
338,894
338,945
338,953
338,954
338,955
338,956
338,957
338,958
338,959
338,960
338,961
338,962
338,963
338,964
338,965
338,973
338,974
338,975
338,976
338,977
338,978
338,979
338,980
338,981
338,982
338,983
338,984
338,985
338,986
338,987
338,1135
338,1214
338,1215
338,1216
338,1217
338,1294
338,1301
338,1404
338,1405
338,1406
338,1407
338,1408
338,1409
338,1410
338,1411
338,1412
338,1413
338,1414
338,1415
338,1416
338,1417
338,1418
338,1419
338,1420
338,1421
338,1422
338,1423
338,1424
338,1425
338,1426
338,1427
338,1428
338,1429
338,1430
338,1431
338,1432
338,1433
338,1434
338,1435
338,1436
338,1437
338,1438
338,1439
338,1440
338,1441
338,1442
338,1443
338,1444
338,1445
338,1446
338,1447
338,1448
338,1449
338,1450
338,1451
338,1452
338,1453
338,1454
338,1455
338,1456
338,1457
338,1458
338,1459
338,1460
338,1461
338,1462
338,1463
338,1464
338,1465
338,1466
338,1467
338,1468
338,1469
338,1470
338,1471
338,1472
338,1473
338,1474
338,1475
338,1476
338,1477
338,1478
338,1479
338,1480
338,1481
338,1482
338,1483
338,1484
338,1485
338,1486
368,34
368,35
368,88
368,107
368,136
368,138
368,139
368,140
368,141
368,142
368,143
368,144
368,145
368,146
368,147
368,148
368,149
368,180
368,181
368,182
368,183
368,184
368,185
368,186
368,187
368,188
368,189
368,190
368,191
368,192
368,193
368,194
368,242
368,243
368,244
368,245
368,246
368,247
368,248
368,249
368,250
368,251
368,252
368,253
368,254
368,255
368,256
368,257
368,258
368,259
368,277
368,278
368,279
368,280
368,285
368,286
368,287
368,288
368,289
368,290
368,291
368,292
368,293
368,294
368,295
368,296
368,297
368,298
368,299
368,300
368,301
368,302
368,303
368,304
368,305
368,306
368,307
368,308
368,309
368,310
368,311
368,312
368,313
368,314
368,315
368,316
368,317
368,450
368,451
368,452
368,453
368,454
368,455
368,456
368,457
368,458
368,459
368,462
368,463
368,464
368,465
368,466
368,467
368,468
368,469
368,470
368,471
368,472
368,473
368,474
368,475
368,476
368,477
368,478
368,479
368,480
368,481
368,482
368,483
368,484
368,485
368,486
368,487
368,488
368,489
368,490
368,491
368,492
368,493
368,494
368,495
368,496
368,497
368,498
368,499
368,500
368,501
368,502
368,503
368,504
368,505
368,506
368,888
368,1149
368,1150
368,1151
368,1152
368,1219
368,1391
368,1487
368,1488
368,1489
368,1490
368,1491
368,1492
368,1493
368,1494
368,1495
368,1496
368,1497
368,1498
368,1499
368,1500
368,1501
368,1502
368,1503
368,1504
368,1505
368,1506
368,1507
368,1508
368,1509
368,1510
368,1511
368,1512
368,1513
368,1514
368,1515
368,1516
368,1517
368,1518
368,1519
368,1520
368,1521
368,1522
368,1523
368,1524
368,1525
368,1526
368,1527
368,1528
368,1529
368,1530
368,1531
368,1532
368,1533
368,1534
368,1535
368,1536
368,1537
368,1538
368,1539
368,1540
368,1541
368,1542
368,1543
368,1544
368,1545
368,1546
368,1547
368,1548
368,1549
368,1550
368,1551
368,1552
368,1553
368,1554
368,1555
368,1556
368,1557
368,1558
368,1559
368,1560
368,1561
368,1562
368,1563
368,1564
368,1565
368,1566
368,1567
368,1568
368,1569
368,1570
368,1571
368,1572
368,1573
368,1574
368,1575
368,1576
368,1577
368,1578
368,1579
368,1580
368,1581
368,1582
368,1583
368,1584
368,1585
368,1586
368,1587
368,1588
368,1589
368,1590
368,1591
368,1592
368,1593
368,1594
368,1595
368,1596
368,1597
368,1598
368,1599
368,1600
368,1601
402,1602
402,1603
402,1604
402,1605
402,1606
424,195
424,449
424,450
424,451
424,452
424,453
424,454
424,455
424,456
424,457
424,458
424,459
424,462
424,463
424,464
424,465
424,466
424,467
424,468
424,469
424,470
424,471
424,472
424,473
424,474
424,475
424,476
424,477
424,478
424,479
424,480
424,481
424,482
424,483
424,484
424,485
424,486
424,487
424,488
424,489
424,490
424,491
424,492
424,493
424,494
424,495
424,496
424,497
424,498
424,499
424,500
424,501
424,502
424,503
424,504
424,505
424,506
424,617
424,618
424,619
424,658
424,875
424,1278
424,1279
424,1280
424,1301
424,1505
424,1607
424,1608
424,1609
424,1610
424,1611
424,1612
424,1613
424,1614
424,1615
424,1616
424,1617
424,1618
424,1619
424,1620
424,1621
424,1622
424,1623
424,1624
424,1625
424,1626
424,1627
470,36
470,37
470,38
470,39
470,40
470,41
470,42
470,43
470,44
470,45
470,46
470,47
470,48
470,49
470,50
470,51
470,52
470,88
470,90
470,121
470,122
470,123
470,124
470,125
470,126
470,127
470,128
470,129
470,130
470,131
470,132
470,133
470,134
470,135
470,450
470,451
470,452
470,453
470,454
470,455
470,456
470,457
470,458
470,459
470,462
470,463
470,464
470,465
470,466
470,467
470,468
470,469
470,470
470,471
470,472
470,473
470,474
470,475
470,476
470,477
470,478
470,479
470,480
470,481
470,482
470,483
470,484
470,485
470,486
470,487
470,488
470,489
470,490
470,491
470,492
470,493
470,494
470,495
470,496
470,497
470,498
470,499
470,500
470,501
470,502
470,503
470,504
470,505
470,506
470,807
470,888
470,1366
470,1367
470,1368
470,1369
470,1370
470,1371
470,1372
470,1373
470,1374
470,1375
470,1376
470,1377
470,1378
470,1379
470,1380
470,1381
470,1382
470,1385
470,1386
470,1387
470,1388
470,1389
470,1390
470,1391
470,1392
470,1393
470,1394
470,1395
470,1396
470,1397
470,1398
470,1399
470,1400
470,1401
470,1402
470,1403
485,36
485,37
485,38
485,39
485,40
485,41
485,42
485,43
485,44
485,45
485,46
485,47
485,48
485,49
485,50
485,51
485,52
485,109
485,110
485,111
485,112
485,113
485,114
485,115
485,116
485,117
485,118
485,119
485,120
485,151
485,152
485,153
485,154
485,180
485,181
485,182
485,183
485,184
485,185
485,186
485,187
485,188
485,189
485,190
485,191
485,192
485,193
485,194
485,326
485,450
485,451
485,452
485,453
485,454
485,455
485,456
485,457
485,458
485,459
485,462
485,463
485,464
485,465
485,466
485,467
485,468
485,469
485,470
485,471
485,472
485,473
485,474
485,475
485,476
485,477
485,478
485,479
485,480
485,481
485,482
485,483
485,484
485,485
485,486
485,487
485,488
485,489
485,490
485,491
485,492
485,493
485,494
485,495
485,496
485,497
485,498
485,499
485,500
485,501
485,502
485,503
485,504
485,505
485,506
485,555
485,1034
485,1035
485,1036
485,1037
485,1038
485,1039
485,1040
485,1041
485,1042
485,1043
485,1044
485,1045
485,1046
485,1047
485,1048
485,1049
485,1050
485,1051
485,1067
485,1068
485,1365
485,1421
485,1422
485,1423
485,1424
485,1425
485,1426
485,1427
485,1505
485,1584
485,1628
485,1629
485,1630
485,1631
485,1632
485,1633
485,1634
485,1635
485,1636
485,1637
485,1638
485,1639
485,1640
485,1641
485,1642
485,1643
485,1644
485,1645
485,1646
485,1647
485,1648
485,1649
485,1650
485,1651
485,1652
485,1653
485,1654
485,1655
485,1656
485,1657
485,1658
485,1659
485,1660
485,1661
485,1662
485,1663
485,1664
485,1665
485,1666
485,1667
485,1668
485,1669
485,1670
485,1671
485,1672
485,1673
485,1674
485,1675
492,36
492,37
492,38
492,39
492,40
492,41
492,42
492,43
492,44
492,45
492,46
492,47
492,48
492,49
492,50
492,51
492,52
492,88
492,90
492,121
492,122
492,123
492,124
492,125
492,126
492,127
492,128
492,129
492,130
492,131
492,132
492,133
492,134
492,135
492,450
492,451
492,452
492,453
492,454
492,455
492,456
492,457
492,458
492,459
492,462
492,463
492,464
492,465
492,466
492,467
492,468
492,469
492,470
492,471
492,472
492,473
492,474
492,475
492,476
492,477
492,478
492,479
492,480
492,481
492,482
492,483
492,484
492,485
492,486
492,487
492,488
492,489
492,490
492,491
492,492
492,493
492,494
492,495
492,496
492,497
492,498
492,499
492,500
492,501
492,502
492,503
492,504
492,505
492,506
492,807
492,888
492,1366
492,1367
492,1368
492,1369
492,1370
492,1371
492,1372
492,1373
492,1374
492,1375
492,1376
492,1377
492,1378
492,1379
492,1380
492,1381
492,1382
492,1385
492,1386
492,1387
492,1388
492,1389
492,1390
492,1391
492,1392
492,1393
492,1394
492,1395
492,1396
492,1397
492,1398
492,1399
492,1400
492,1401
492,1402
493,36
493,37
493,38
493,39
493,40
493,41
493,42
493,43
493,44
493,45
493,46
493,47
493,48
493,49
493,50
493,51
493,52
493,88
493,90
493,121
493,122
493,123
493,124
493,125
493,126
493,127
493,128
493,129
493,130
493,131
493,132
493,133
493,134
493,135
493,450
493,451
493,452
493,453
493,454
493,455
493,456
493,457
493,458
493,459
493,462
493,463
493,464
493,465
493,466
493,467
493,468
493,469
493,470
493,471
493,472
493,473
493,474
493,475
493,476
493,477
493,478
493,479
493,480
493,481
493,482
493,483
493,484
493,485
493,486
493,487
493,488
493,489
493,490
493,491
493,492
493,493
493,494
493,495
493,496
493,497
493,498
493,499
493,500
493,501
493,502
493,503
493,504
493,505
493,506
493,807
493,888
493,1366
493,1367
493,1368
493,1369
493,1370
493,1371
493,1372
493,1373
493,1374
493,1375
493,1376
493,1377
493,1378
493,1379
493,1380
493,1381
493,1382
493,1385
493,1386
493,1387
493,1388
493,1389
493,1390
493,1391
493,1392
493,1393
493,1394
493,1395
493,1396
493,1397
493,1398
493,1399
493,1400
493,1401
493,1402
493,1403
493,1676
493,1677
493,1678
493,1679
493,1680
496,36
496,37
496,38
496,39
496,40
496,41
496,42
496,43
496,44
496,45
496,46
496,47
496,48
496,49
496,50
496,51
496,52
496,88
496,90
496,121
496,122
496,123
496,124
496,125
496,126
496,127
496,128
496,129
496,130
496,131
496,132
496,133
496,134
496,135
496,450
496,451
496,452
496,453
496,454
496,455
496,456
496,457
496,458
496,459
496,462
496,463
496,464
496,465
496,466
496,467
496,468
496,469
496,470
496,471
496,472
496,473
496,474
496,475
496,476
496,477
496,478
496,479
496,480
496,481
496,482
496,483
496,484
496,485
496,486
496,487
496,488
496,489
496,490
496,491
496,492
496,493
496,494
496,495
496,496
496,497
496,498
496,499
496,500
496,501
496,502
496,503
496,504
496,505
496,506
496,807
496,888
496,1366
496,1367
496,1368
496,1369
496,1370
496,1371
496,1372
496,1373
496,1374
496,1375
496,1376
496,1377
496,1378
496,1379
496,1380
496,1381
496,1382
496,1385
496,1386
496,1387
496,1388
496,1389
496,1390
496,1391
496,1392
496,1393
496,1394
496,1395
496,1396
496,1397
496,1398
496,1399
496,1400
496,1401
496,1402
497,36
497,37
497,38
497,39
497,40
497,41
497,42
497,43
497,44
497,45
497,46
497,47
497,48
497,49
497,50
497,51
497,52
497,88
497,90
497,121
497,122
497,123
497,124
497,125
497,126
497,127
497,128
497,129
497,130
497,131
497,132
497,133
497,134
497,135
497,450
497,451
497,452
497,453
497,454
497,455
497,456
497,457
497,458
497,459
497,462
497,463
497,464
497,465
497,466
497,467
497,468
497,469
497,470
497,471
497,472
497,473
497,474
497,475
497,476
497,477
497,478
497,479
497,480
497,481
497,482
497,483
497,484
497,485
497,486
497,487
497,488
497,489
497,490
497,491
497,492
497,493
497,494
497,495
497,496
497,497
497,498
497,499
497,500
497,501
497,502
497,503
497,504
497,505
497,506
497,807
497,888
497,1366
497,1367
497,1368
497,1369
497,1370
497,1371
497,1372
497,1373
497,1374
497,1375
497,1376
497,1377
497,1378
497,1379
497,1380
497,1381
497,1382
497,1385
497,1386
497,1387
497,1388
497,1389
497,1390
497,1391
497,1392
497,1393
497,1394
497,1395
497,1396
497,1397
497,1398
497,1399
497,1400
497,1401
497,1402
499,36
499,37
499,38
499,39
499,40
499,41
499,42
499,43
499,44
499,45
499,46
499,47
499,48
499,49
499,50
499,51
499,52
499,88
499,90
499,121
499,122
499,123
499,124
499,125
499,126
499,127
499,128
499,129
499,130
499,131
499,132
499,133
499,134
499,135
499,450
499,451
499,452
499,453
499,454
499,455
499,456
499,457
499,458
499,459
499,462
499,463
499,464
499,465
499,466
499,467
499,468
499,469
499,470
499,471
499,472
499,473
499,474
499,475
499,476
499,477
499,478
499,479
499,480
499,481
499,482
499,483
499,484
499,485
499,486
499,487
499,488
499,489
499,490
499,491
499,492
499,493
499,494
499,495
499,496
499,497
499,498
499,499
499,500
499,501
499,502
499,503
499,504
499,505
499,506
499,807
499,888
499,1366
499,1367
499,1368
499,1369
499,1370
499,1371
499,1372
499,1373
499,1374
499,1375
499,1376
499,1377
499,1378
499,1379
499,1380
499,1381
499,1382
499,1385
499,1386
499,1387
499,1388
499,1389
499,1390
499,1391
499,1392
499,1393
499,1394
499,1395
499,1396
499,1397
499,1398
499,1399
499,1400
499,1401
499,1402
499,1403
504,108
504,123
504,124
504,125
504,126
504,127
504,128
504,129
504,130
504,131
504,132
504,133
504,134
504,135
504,155
504,180
504,181
504,182
504,183
504,184
504,185
504,186
504,187
504,188
504,189
504,190
504,191
504,192
504,193
504,194
504,444
504,445
504,446
504,449
504,659
504,807
504,848
504,849
504,850
504,851
504,852
504,853
504,854
504,855
504,856
504,857
504,858
504,859
504,860
504,861
504,862
504,863
504,892
504,1432
504,1433
504,1434
504,1435
504,1436
504,1437
504,1438
504,1439
504,1440
504,1441
504,1442
504,1443
504,1444
504,1445
504,1446
504,1447
504,1448
504,1449
504,1450
504,1451
504,1452
504,1453
504,1454
504,1455
504,1456
504,1457
504,1458
504,1459
504,1460
504,1461
504,1462
504,1463
504,1486
504,1681
504,1682
504,1683
504,1684
542,36
542,37
542,38
542,39
542,40
542,41
542,42
542,43
542,44
542,45
542,46
542,47
542,48
542,49
542,50
542,51
542,52
542,90
542,123
542,124
542,125
542,126
542,127
542,128
542,129
542,130
542,131
542,132
542,133
542,134
542,135
542,138
542,139
542,140
542,141
542,142
542,143
542,144
542,145
542,146
542,147
542,148
542,149
542,155
542,180
542,181
542,182
542,183
542,184
542,185
542,186
542,187
542,188
542,189
542,190
542,191
542,192
542,193
542,194
542,229
542,230
542,449
542,653
542,660
542,727
542,728
542,731
542,803
542,804
542,805
542,806
542,807
542,832
542,833
542,834
542,835
542,836
542,837
542,838
542,875
542,892
542,915
542,916
542,1010
542,1011
542,1012
542,1013
542,1014
542,1067
542,1068
542,1327
542,1331
542,1332
542,1333
542,1334
542,1335
542,1336
542,1337
542,1338
542,1339
542,1340
542,1341
542,1342
542,1343
542,1344
542,1345
542,1346
542,1347
542,1348
542,1349
542,1350
542,1351
542,1352
542,1353
542,1354
542,1355
542,1356
542,1357
542,1358
542,1359
542,1360
542,1361
542,1362
542,1363
542,1364
542,1685
542,1686
542,1687
542,1688
542,1689
542,1690
542,1691
542,1692
542,1693
542,1694
542,1695
542,1696
542,1697
542,1698
542,1699
542,1700
542,1701
542,1702
542,1703
542,1704
542,1705
542,1706
542,1707
542,1708
542,1709
542,1710
542,1711
542,1712
542,1713
542,1714
542,1715
542,1716
542,1717
542,1718
542,1719
542,1720
542,1721
542,1722
542,1723
552,88
552,107
552,155
552,180
552,181
552,182
552,183
552,184
552,185
552,186
552,187
552,188
552,189
552,190
552,191
552,192
552,193
552,194
552,429
552,430
552,431
552,432
552,433
552,434
552,435
552,436
552,450
552,451
552,452
552,453
552,454
552,455
552,456
552,457
552,458
552,459
552,462
552,463
552,464
552,465
552,466
552,467
552,468
552,469
552,470
552,471
552,472
552,473
552,474
552,475
552,476
552,477
552,478
552,479
552,480
552,481
552,482
552,483
552,484
552,485
552,486
552,487
552,488
552,489
552,490
552,491
552,492
552,493
552,494
552,495
552,496
552,497
552,498
552,499
552,500
552,501
552,502
552,503
552,504
552,505
552,506
552,523
552,653
552,731
552,803
552,804
552,805
552,806
552,808
552,809
552,810
552,811
552,812
552,813
552,814
552,815
552,816
552,817
552,818
552,819
552,820
552,888
552,893
552,894
552,945
552,953
552,954
552,955
552,956
552,957
552,958
552,959
552,960
552,961
552,962
552,963
552,964
552,965
552,973
552,974
552,975
552,976
552,977
552,978
552,979
552,980
552,981
552,982
552,983
552,984
552,985
552,986
552,987
552,1135
552,1214
552,1215
552,1216
552,1217
552,1294
552,1301
552,1404
552,1405
552,1406
552,1407
552,1408
552,1409
552,1410
552,1411
552,1412
552,1413
552,1414
552,1415
552,1416
552,1417
552,1418
552,1419
552,1420
552,1421
552,1422
552,1423
552,1424
552,1425
552,1426
552,1427
552,1428
552,1429
552,1430
552,1431
552,1432
552,1433
552,1434
552,1435
552,1436
552,1437
552,1438
552,1439
552,1440
552,1441
552,1442
552,1443
552,1444
552,1445
552,1446
552,1447
552,1448
552,1449
552,1450
552,1451
552,1452
552,1453
552,1454
552,1455
552,1456
552,1457
552,1458
552,1459
552,1460
552,1461
552,1462
552,1463
552,1464
552,1465
552,1466
552,1467
552,1468
552,1469
552,1470
552,1471
552,1472
552,1473
552,1474
552,1475
552,1476
552,1477
552,1478
552,1479
552,1480
552,1481
552,1482
552,1483
552,1484
552,1485
552,1486
583,832
583,833
583,834
583,835
583,836
583,837
583,838
583,1490
583,1491
583,1694
583,1724
607,123
607,124
607,125
607,126
607,127
607,128
607,129
607,130
607,131
607,132
607,133
607,134
607,135
607,138
607,139
607,140
607,141
607,142
607,143
607,144
607,145
607,146
607,147
607,148
607,149
607,180
607,181
607,182
607,183
607,184
607,185
607,186
607,187
607,188
607,189
607,190
607,191
607,192
607,193
607,194
607,201
607,450
607,451
607,452
607,453
607,454
607,455
607,456
607,457
607,458
607,459
607,462
607,463
607,464
607,465
607,466
607,467
607,468
607,469
607,470
607,471
607,472
607,473
607,474
607,475
607,476
607,477
607,478
607,479
607,480
607,481
607,482
607,483
607,484
607,485
607,486
607,487
607,488
607,489
607,490
607,491
607,492
607,493
607,494
607,495
607,496
607,497
607,498
607,499
607,500
607,501
607,502
607,503
607,504
607,505
607,506
607,624
607,625
607,626
607,627
607,628
607,629
607,630
607,631
607,632
607,633
607,634
607,888
607,940
607,941
607,969
607,973
607,974
607,975
607,976
607,977
607,978
607,979
607,980
607,981
607,982
607,983
607,984
607,985
607,986
607,987
607,988
607,989
607,990
607,991
607,992
607,993
607,994
607,995
607,996
607,997
607,998
607,999
607,1000
607,1001
607,1002
607,1141
607,1142
607,1143
607,1144
607,1145
607,1146
607,1147
607,1256
607,1725
607,1726
607,1727
607,1728
607,1729
607,1730
607,1731
607,1732
607,1733
607,1734
607,1735
607,1736
607,1737
607,1738
607,1739
607,1740
607,1741
607,1742
607,1743
607,1744
607,1745
607,1746
607,1747
607,1748
607,1749
607,1750
607,1751
607,1752
607,1753
611,36
611,37
611,38
611,39
611,40
611,41
611,42
611,43
611,44
611,45
611,46
611,47
611,48
611,49
611,50
611,51
611,52
611,88
611,99
611,100
611,101
611,102
611,103
611,104
611,105
611,121
611,122
611,231
611,232
611,233
611,234
611,235
611,242
611,243
611,244
611,245
611,246
611,247
611,248
611,249
611,250
611,251
611,252
611,253
611,254
611,255
611,256
611,257
611,258
611,259
611,326
611,544
611,545
611,546
611,547
611,548
611,549
611,550
611,892
611,906
611,907
611,908
611,909
611,910
611,911
611,912
611,913
611,914
611,915
611,916
611,917
611,918
611,919
611,920
611,921
611,922
611,923
611,924
611,925
611,926
611,927
611,928
611,929
611,930
611,931
611,932
611,933
611,934
611,935
611,936
611,937
611,938
611,939
611,940
611,941
611,942
611,943
611,944
611,945
611,946
611,947
611,948
611,949
611,950
611,951
611,952
611,953
611,954
611,955
611,956
611,957
611,958
611,959
611,960
611,961
611,962
611,963
615,180
615,181
615,182
615,183
615,184
615,185
615,186
615,187
615,188
615,189
615,190
615,191
615,192
615,193
615,194
615,202
615,203
615,204
615,205
615,206
615,207
615,208
615,209
615,210
615,211
615,212
615,213
615,214
615,215
615,216
615,217
615,218
615,260
615,261
615,262
615,263
615,264
615,265
615,266
615,267
615,268
615,269
615,270
615,271
615,272
615,273
615,274
615,275
615,276
615,653
615,888
615,1052
615,1053
615,1054
615,1055
615,1056
615,1057
615,1058
615,1059
615,1432
615,1433
615,1434
615,1435
615,1436
615,1437
615,1438
615,1439
615,1440
615,1441
615,1442
615,1443
615,1444
615,1445
615,1446
615,1447
615,1448
615,1449
615,1450
615,1451
615,1452
615,1453
615,1454
615,1455
615,1456
615,1457
615,1458
615,1459
615,1460
615,1461
615,1462
615,1463
615,1653
615,1754
615,1755
615,1756
615,1757
615,1758
615,1759
615,1760
615,1761
615,1762
615,1763
615,1764
615,1765
615,1766
615,1767
615,1768
615,1769
615,1770
615,1771
615,1772
630,180
630,181
630,182
630,183
630,184
630,185
630,186
630,187
630,188
630,189
630,190
630,191
630,192
630,193
630,194
630,285
630,286
630,287
630,288
630,289
630,290
630,291
630,292
630,293
630,294
630,295
630,296
630,297
630,298
630,299
630,300
630,301
630,302
630,303
630,304
630,305
630,306
630,307
630,308
630,309
630,310
630,311
630,312
630,313
630,314
630,315
630,316
630,317
630,326
630,517
630,523
630,808
630,809
630,810
630,811
630,812
630,813
630,814
630,815
630,816
630,817
630,818
630,819
630,820
630,821
630,822
630,823
630,893
630,894
630,1331
630,1332
630,1333
630,1334
630,1335
630,1336
630,1337
630,1338
630,1339
630,1340
630,1341
630,1342
630,1343
630,1344
630,1345
630,1346
630,1347
630,1348
630,1349
630,1350
630,1351
630,1352
630,1353
630,1354
630,1355
630,1356
630,1357
630,1358
630,1359
630,1360
630,1361
630,1362
630,1363
630,1364
630,1587
630,1588
630,1589
630,1773
630,1774
630,1775
630,1776
630,1777
630,1778
630,1779
630,1780
649,34
649,35
649,36
649,37
649,38
649,39
649,40
649,41
649,42
649,43
649,44
649,45
649,46
649,47
649,48
649,49
649,50
649,51
649,52
649,88
649,93
649,201
649,285
649,286
649,287
649,288
649,289
649,290
649,291
649,292
649,293
649,294
649,295
649,296
649,297
649,298
649,299
649,300
649,301
649,302
649,303
649,304
649,305
649,306
649,307
649,308
649,309
649,310
649,311
649,312
649,313
649,314
649,315
649,316
649,317
649,449
649,611
649,875
649,1029
649,1030
649,1031
649,1032
649,1033
649,1067
649,1068
649,1220
649,1221
649,1222
649,1272
649,1301
649,1312
649,1505
649,1682
649,1751
649,1752
649,1753
649,1781
649,1782
649,1783
649,1784
649,1785
649,1786
649,1787
649,1788
649,1789
649,1790
649,1791
649,1792
649,1793
649,1794
649,1795
649,1796
649,1797
649,1798
649,1799
649,1800
649,1801
649,1802
649,1803
649,1804
649,1805
649,1806
649,1807
649,1808
663,34
663,35
663,88
663,91
663,92
663,138
663,139
663,140
663,141
663,142
663,143
663,144
663,145
663,146
663,147
663,148
663,149
663,150
663,180
663,181
663,182
663,183
663,184
663,185
663,186
663,187
663,188
663,189
663,190
663,191
663,192
663,193
663,194
663,242
663,243
663,244
663,245
663,246
663,247
663,248
663,249
663,250
663,251
663,252
663,253
663,254
663,255
663,256
663,257
663,258
663,259
663,260
663,261
663,262
663,263
663,264
663,265
663,266
663,267
663,268
663,269
663,270
663,271
663,272
663,273
663,274
663,275
663,276
663,326
663,429
663,430
663,431
663,432
663,433
663,434
663,435
663,436
663,448
663,520
663,521
663,522
663,544
663,545
663,546
663,547
663,548
663,549
663,550
663,730
663,803
663,804
663,805
663,806
663,824
663,825
663,826
663,827
663,828
663,829
663,830
663,831
663,1092
663,1093
663,1094
663,1095
663,1096
663,1097
663,1098
663,1099
663,1100
663,1101
663,1102
663,1103
663,1104
663,1105
663,1106
663,1107
663,1108
663,1109
663,1110
663,1111
663,1112
663,1113
663,1114
663,1115
663,1116
663,1117
663,1118
663,1119
663,1120
663,1121
663,1122
663,1123
663,1124
663,1125
663,1126
663,1127
663,1128
663,1129
663,1130
663,1131
663,1132
663,1133
663,1134
663,1135
663,1136
663,1137
663,1138
663,1139
663,1140
663,1141
663,1142
663,1143
663,1144
663,1145
663,1146
663,1147
663,1148
663,1149
663,1150
663,1151
663,1152
663,1153
663,1154
663,1155
663,1156
663,1157
663,1158
663,1159
663,1160
663,1161
663,1162
663,1163
663,1164
663,1165
663,1166
663,1167
663,1168
663,1169
663,1170
663,1171
663,1172
663,1173
663,1174
663,1175
663,1176
663,1177
663,1178
663,1179
663,1180
663,1181
663,1182
663,1183
663,1184
663,1185
663,1186
663,1187
663,1188
663,1189
663,1190
663,1191
663,1192
663,1193
663,1194
663,1195
663,1196
663,1197
663,1198
663,1199
663,1200
663,1201
663,1202
663,1203
663,1204
663,1205
663,1206
663,1207
663,1208
663,1209
663,1213
663,1214
663,1215
663,1216
663,1217
663,1218
669,88
669,123
669,124
669,125
669,126
669,127
669,128
669,129
669,130
669,131
669,132
669,133
669,134
669,135
669,156
669,157
669,158
669,159
669,160
669,161
669,162
669,163
669,164
669,165
669,166
669,167
669,168
669,169
669,170
669,171
669,172
669,173
669,174
669,175
669,176
669,177
669,178
669,180
669,181
669,182
669,183
669,184
669,185
669,186
669,187
669,188
669,189
669,190
669,191
669,192
669,193
669,194
669,277
669,278
669,279
669,280
669,448
669,875
669,917
669,918
669,919
669,920
669,921
669,922
669,923
669,924
669,925
669,926
669,927
669,928
669,929
669,930
669,931
669,932
669,933
669,934
669,935
669,936
669,937
669,938
669,939
669,1035
669,1036
669,1037
669,1038
669,1039
669,1040
669,1041
669,1042
669,1043
669,1044
669,1045
669,1046
669,1047
669,1048
669,1049
669,1050
669,1051
669,1069
669,1070
669,1071
669,1072
669,1073
669,1074
669,1218
669,1301
669,1388
669,1389
669,1592
669,1593
669,1594
669,1595
669,1596
669,1597
669,1598
669,1599
669,1809
669,1810
669,1811
669,1812
669,1813
669,1814
671,1
671,2
671,3
671,4
671,5
671,6
671,7
671,8
671,9
671,10
671,11
671,12
671,13
671,14
671,15
671,16
671,17
671,18
671,19
671,20
671,21
671,22
671,23
671,24
671,25
671,26
671,27
671,28
671,29
671,30
671,31
671,32
671,36
671,37
671,38
671,39
671,40
671,41
671,42
671,43
671,44
671,45
671,46
671,47
671,48
671,49
671,50
671,51
671,52
671,88
671,150
671,155
671,180
671,181
671,182
671,183
671,184
671,185
671,186
671,187
671,188
671,189
671,190
671,191
671,192
671,193
671,194
671,563
671,564
671,565
671,566
671,567
671,568
671,569
671,570
671,571
671,572
671,573
671,574
671,730
671,808
671,809
671,810
671,811
671,812
671,813
671,814
671,815
671,816
671,817
671,818
671,819
671,820
671,905
671,945
671,1035
671,1036
671,1037
671,1038
671,1039
671,1040
671,1041
671,1042
671,1043
671,1044
671,1045
671,1046
671,1047
671,1048
671,1049
671,1050
671,1051
671,1089
671,1090
671,1268
671,1312
671,1365
671,1432
671,1433
671,1434
671,1435
671,1436
671,1437
671,1438
671,1439
671,1440
671,1441
671,1442
671,1443
671,1444
671,1445
671,1446
671,1447
671,1448
671,1449
671,1450
671,1451
671,1452
671,1453
671,1454
671,1455
671,1456
671,1457
671,1458
671,1459
671,1460
671,1461
671,1462
671,1463
671,1726
671,1727
671,1728
671,1767
671,1815
671,1816
671,1817
671,1818
671,1819
671,1820
671,1821
671,1822
671,1823
671,1824
671,1825
671,1826
671,1827
671,1828
671,1829
671,1830
671,1831
671,1832
671,1833
671,1834
671,1835
671,1836
671,1837
671,1838
671,1839
671,1840
671,1841
671,1842
671,1843
671,1844
671,1845
671,1846
671,1847
671,1848
671,1849
671,1850
671,1851
671,1852
671,1853
671,1854
671,1855
671,1856
671,1857
671,1858
671,1859
671,1860
671,1861
671,1862
671,1863
671,1864
671,1865
671,1866
671,1867
671,1868
671,1869
671,1870
671,1871
679,36
679,37
679,38
679,39
679,40
679,41
679,42
679,43
679,44
679,45
679,46
679,47
679,48
679,49
679,50
679,51
679,52
679,109
679,110
679,111
679,112
679,113
679,114
679,115
679,116
679,117
679,118
679,119
679,120
679,151
679,152
679,153
679,154
679,180
679,181
679,182
679,183
679,184
679,185
679,186
679,187
679,188
679,189
679,190
679,191
679,192
679,193
679,194
679,326
679,450
679,451
679,452
679,453
679,454
679,455
679,456
679,457
679,458
679,459
679,462
679,463
679,464
679,465
679,466
679,467
679,468
679,469
679,470
679,471
679,472
679,473
679,474
679,475
679,476
679,477
679,478
679,479
679,480
679,481
679,482
679,483
679,484
679,485
679,486
679,487
679,488
679,489
679,490
679,491
679,492
679,493
679,494
679,495
679,496
679,497
679,498
679,499
679,500
679,501
679,502
679,503
679,504
679,505
679,506
679,555
679,1034
679,1035
679,1036
679,1037
679,1038
679,1039
679,1040
679,1041
679,1042
679,1043
679,1044
679,1045
679,1046
679,1047
679,1048
679,1049
679,1050
679,1051
679,1067
679,1068
679,1365
679,1421
679,1422
679,1423
679,1424
679,1425
679,1426
679,1427
679,1505
679,1584
679,1628
679,1629
679,1630
679,1631
679,1632
679,1634
679,1635
679,1636
679,1637
679,1638
679,1639
679,1640
679,1641
679,1642
679,1643
679,1644
679,1645
679,1646
679,1647
679,1648
679,1649
679,1650
679,1651
679,1652
679,1653
679,1654
679,1655
679,1656
679,1657
679,1658
679,1659
679,1660
679,1661
679,1662
679,1663
679,1664
679,1665
679,1666
679,1667
679,1668
679,1669
679,1670
679,1671
679,1672
679,1673
679,1674
679,1675
684,1
684,2
684,3
684,4
684,5
684,6
684,7
684,8
684,9
684,10
684,11
684,12
684,13
684,14
684,15
684,16
684,17
684,18
684,19
684,20
684,21
684,22
684,23
684,24
684,25
684,26
684,27
684,28
684,29
684,30
684,31
684,32
684,36
684,37
684,38
684,39
684,40
684,41
684,42
684,43
684,44
684,45
684,46
684,47
684,48
684,49
684,50
684,51
684,52
684,78
684,79
684,80
684,81
684,82
684,83
684,84
684,85
684,86
684,87
684,123
684,124
684,125
684,126
684,127
684,128
684,129
684,130
684,131
684,132
684,133
684,134
684,135
684,195
684,653
684,757
684,758
684,759
684,760
684,761
684,762
684,763
684,764
684,765
684,875
684,876
684,877
684,878
684,879
684,880
684,881
684,882
684,883
684,884
684,885
684,886
684,887
684,891
684,893
684,894
684,964
684,965
684,966
684,967
684,968
684,969
684,970
684,971
684,972
684,973
684,974
684,975
684,976
684,977
684,978
684,979
684,980
684,981
684,982
684,983
684,984
684,985
684,986
684,987
684,988
684,989
684,990
684,991
684,992
684,993
684,994
684,995
684,996
684,997
684,998
684,999
684,1000
684,1001
684,1002
684,1003
684,1004
684,1005
684,1006
684,1007
684,1008
684,1009
684,1010
684,1011
684,1012
684,1013
684,1014
684,1015
684,1016
684,1017
684,1018
684,1019
684,1020
684,1021
684,1022
684,1023
684,1024
684,1025
684,1026
684,1027
684,1028
684,1029
684,1030
684,1031
684,1032
684,1033
684,1034
684,1035
684,1036
684,1037
684,1038
684,1039
684,1040
684,1041
684,1042
684,1043
684,1044
684,1045
684,1046
684,1047
684,1048
684,1049
684,1050
684,1051
684,1052
684,1053
684,1054
684,1055
684,1056
684,1057
684,1058
684,1059
684,1060
684,1061
684,1062
684,1063
684,1064
684,1065
684,1066
684,1067
684,1068
684,1069
684,1070
684,1071
684,1072
684,1073
684,1074
684,1075
684,1076
684,1077
684,1078
684,1079
684,1080
684,1081
684,1082
684,1083
684,1084
684,1085
684,1086
684,1087
684,1088
684,1089
684,1090
684,1091
684,1312
704,34
704,35
704,89
704,93
704,180
704,181
704,182
704,183
704,184
704,185
704,186
704,187
704,188
704,189
704,190
704,191
704,192
704,193
704,194
704,277
704,278
704,279
704,280
704,694
704,1189
704,1190
704,1191
704,1192
704,1193
704,1194
704,1195
704,1307
704,1872
704,1873
704,1874
704,1875
704,1876
704,1877
704,1878
704,1879
704,1880
704,1881
704,1882
704,1883
704,1884
704,1885
704,1886
704,1887
704,1888
704,1889
704,1890
704,1891
704,1892
704,1893
704,1894
704,1895
704,1896
704,1897
704,1898
704,1899
704,1900
704,1901
704,1902
704,1903
704,1904
704,1905
704,1906
704,1907
704,1908
704,1909
704,1910
704,1911
704,1912
704,1913
704,1914
704,1915
704,1916
704,1917
704,1918
704,1919
704,1920
704,1921
704,1922
704,1923
704,1924
704,1925
704,1926
741,36
741,37
741,38
741,39
741,40
741,41
741,42
741,43
741,44
741,45
741,46
741,47
741,48
741,49
741,50
741,51
741,52
741,88
741,121
741,122
741,123
741,124
741,125
741,126
741,127
741,128
741,129
741,130
741,131
741,132
741,133
741,134
741,135
741,156
741,157
741,158
741,159
741,160
741,161
741,162
741,163
741,164
741,165
741,166
741,167
741,168
741,169
741,170
741,171
741,172
741,173
741,174
741,175
741,176
741,177
741,178
741,180
741,181
741,182
741,183
741,184
741,185
741,186
741,187
741,188
741,189
741,190
741,191
741,192
741,193
741,194
741,277
741,278
741,279
741,280
741,429
741,430
741,431
741,432
741,433
741,434
741,435
741,436
741,448
741,450
741,451
741,452
741,453
741,454
741,455
741,456
741,457
741,458
741,459
741,462
741,463
741,464
741,465
741,466
741,467
741,468
741,469
741,470
741,471
741,472
741,473
741,474
741,475
741,476
741,477
741,478
741,479
741,480
741,481
741,482
741,483
741,484
741,485
741,486
741,487
741,488
741,489
741,490
741,491
741,492
741,493
741,494
741,495
741,496
741,497
741,498
741,499
741,500
741,501
741,502
741,503
741,504
741,505
741,506
741,593
741,594
741,595
741,596
741,597
741,598
741,599
741,600
741,601
741,602
741,603
741,604
741,605
741,606
741,607
741,608
741,609
741,610
741,611
741,612
741,613
741,614
741,615
741,616
741,617
741,618
741,619
741,620
741,621
741,622
741,623
741,624
741,625
741,626
741,627
741,628
741,629
741,630
741,631
741,632
741,633
741,634
741,635
741,636
741,637
741,638
741,639
741,640
741,641
741,642
741,643
741,644
741,645
741,646
741,647
741,648
741,649
741,650
741,651
741,652
741,653
741,654
741,655
741,656
741,657
741,658
741,659
741,660
741,661
741,662
741,663
741,664
741,665
741,666
741,667
741,668
741,669
741,670
741,671
741,672
741,673
741,674
741,675
741,676
741,677
741,678
741,679
741,680
741,681
741,682
741,683
741,684
741,685
741,686
741,687
741,688
741,689
741,690
741,691
741,692
741,693
741,694
741,695
741,696
741,697
741,698
741,699
741,700
741,701
741,702
741,703
741,704
741,705
741,706
741,707
741,708
741,709
741,710
741,711
741,712
741,713
741,714
741,715
741,716
741,717
741,718
741,719
741,720
741,721
741,722
741,723
741,724
741,725
741,726
741,727
741,728
741,729
741,730
754,34
754,35
754,89
754,99
754,100
754,101
754,102
754,103
754,104
754,105
754,151
754,152
754,153
754,154
754,180
754,181
754,182
754,183
754,184
754,185
754,186
754,187
754,188
754,189
754,190
754,191
754,192
754,193
754,194
754,196
754,197
754,198
754,199
754,200
754,242
754,243
754,244
754,245
754,246
754,247
754,248
754,249
754,250
754,251
754,252
754,253
754,254
754,255
754,256
754,257
754,258
754,259
754,277
754,278
754,279
754,280
754,329
754,330
754,331
754,429
754,430
754,431
754,432
754,433
754,434
754,435
754,436
754,450
754,451
754,452
754,453
754,454
754,455
754,456
754,457
754,458
754,459
754,462
754,463
754,464
754,465
754,466
754,467
754,468
754,469
754,470
754,471
754,472
754,473
754,474
754,475
754,476
754,477
754,478
754,479
754,480
754,481
754,482
754,483
754,484
754,485
754,486
754,487
754,488
754,489
754,490
754,491
754,492
754,493
754,494
754,495
754,496
754,497
754,498
754,499
754,500
754,501
754,502
754,503
754,504
754,505
754,506
754,544
754,545
754,546
754,547
754,548
754,549
754,550
754,694
754,767
754,768
754,769
754,895
754,896
754,897
754,898
754,899
754,900
754,901
754,902
754,903
754,904
754,913
754,914
754,946
754,947
754,1092
754,1093
754,1094
754,1095
754,1096
754,1097
754,1098
754,1099
754,1100
754,1189
754,1190
754,1191
754,1192
754,1193
754,1194
754,1195
754,1196
754,1197
754,1198
754,1199
754,1200
754,1201
754,1202
754,1203
754,1219
754,1241
754,1253
754,1268
754,1496
754,1603
754,1604
754,1605
754,1606
754,1638
754,1639
754,1640
754,1641
754,1642
754,1698
754,1699
754,1700
754,1701
754,1702
754,1703
754,1704
754,1705
754,1927
754,1928
754,1929
754,1930
754,1931
754,1932
754,1933
754,1934
754,1935
754,1936
754,1937
754,1938
754,1939
754,1940
754,1941
754,1942
754,1943
754,1944
754,1945
754,1946
754,1947
754,1948
754,1949
754,1950
754,1951
754,1952
754,1953
754,1954
754,1955
754,1956
754,1957
754,1958
754,1959
754,1960
754,1961
754,1962
754,1963
754,1964
754,1965
754,1966
754,1967
754,1968
754,1969
754,1970
754,1971
754,1972
754,1973
754,1974
754,1975
754,1976
754,1977
754,1978
754,1979
754,1980
754,1981
754,1982
754,1983
754,1984
754,1985
755,34
755,35
755,53
755,88
755,180
755,181
755,182
755,183
755,184
755,185
755,186
755,187
755,188
755,189
755,190
755,191
755,192
755,193
755,194
755,196
755,197
755,198
755,199
755,200
755,236
755,237
755,238
755,239
755,240
755,241
755,242
755,243
755,244
755,245
755,246
755,247
755,248
755,249
755,250
755,251
755,252
755,253
755,254
755,255
755,256
755,257
755,258
755,259
755,277
755,278
755,279
755,280
755,284
755,328
755,395
755,576
755,653
755,808
755,809
755,810
755,811
755,812
755,813
755,814
755,815
755,816
755,817
755,818
755,819
755,820
755,888
755,891
755,893
755,894
755,1196
755,1197
755,1198
755,1199
755,1200
755,1201
755,1202
755,1203
755,1264
755,1691
755,1751
755,1752
755,1753
755,1920
755,1921
755,1922
755,1923
755,1986
755,1987
755,1988
755,1989
755,1990
755,1991
755,1992
755,1993
755,1994
755,1995
755,1996
755,1997
755,1998
755,1999
755,2000
755,2001
755,2002
755,2003
755,2004
755,2005
755,2006
755,2007
755,2008
755,2009
755,2010
755,2011
755,2012
755,2013
755,2014
755,2015
755,2016
755,2017
755,2018
755,2019
755,2020
755,2021
755,2022
755,2023
755,2024
755,2025
755,2026
755,2027
755,2028
755,2029
755,2030
755,2031
755,2032
755,2033
755,2034
755,2035
755,2036
755,2037
755,2038
755,2039
755,2040
755,2041
755,2042
755,2043
771,34
771,35
771,88
771,91
771,92
771,138
771,139
771,140
771,141
771,142
771,143
771,144
771,145
771,146
771,147
771,148
771,149
771,150
771,180
771,181
771,182
771,183
771,184
771,185
771,186
771,187
771,188
771,189
771,190
771,191
771,192
771,193
771,194
771,242
771,243
771,244
771,245
771,246
771,247
771,248
771,249
771,250
771,251
771,252
771,253
771,254
771,255
771,256
771,257
771,258
771,259
771,260
771,261
771,262
771,263
771,264
771,265
771,266
771,267
771,268
771,269
771,270
771,271
771,272
771,273
771,274
771,275
771,276
771,326
771,429
771,430
771,431
771,432
771,433
771,434
771,435
771,436
771,448
771,520
771,521
771,522
771,544
771,545
771,546
771,547
771,548
771,549
771,550
771,730
771,803
771,804
771,805
771,806
771,824
771,825
771,826
771,827
771,828
771,829
771,830
771,831
771,1092
771,1093
771,1094
771,1095
771,1096
771,1097
771,1098
771,1099
771,1100
771,1101
771,1102
771,1103
771,1104
771,1105
771,1106
771,1107
771,1108
771,1109
771,1110
771,1111
771,1112
771,1113
771,1114
771,1115
771,1116
771,1117
771,1118
771,1119
771,1120
771,1121
771,1122
771,1123
771,1124
771,1125
771,1126
771,1127
771,1128
771,1129
771,1130
771,1131
771,1132
771,1133
771,1134
771,1135
771,1136
771,1137
771,1138
771,1139
771,1140
771,1141
771,1142
771,1143
771,1144
771,1145
771,1146
771,1147
771,1148
771,1149
771,1150
771,1151
771,1152
771,1153
771,1154
771,1155
771,1156
771,1157
771,1158
771,1159
771,1160
771,1161
771,1162
771,1163
771,1164
771,1165
771,1166
771,1167
771,1168
771,1169
771,1170
771,1171
771,1172
771,1173
771,1174
771,1175
771,1176
771,1177
771,1178
771,1179
771,1180
771,1181
771,1182
771,1183
771,1184
771,1185
771,1186
771,1187
771,1188
771,1189
771,1190
771,1191
771,1192
771,1193
771,1194
771,1195
771,1196
771,1197
771,1198
771,1199
771,1200
771,1201
771,1202
771,1203
771,1204
771,1205
771,1206
771,1207
771,1208
771,1209
771,1213
771,1214
771,1215
771,1216
771,1217
771,1218
772,0
772,36
772,37
772,38
772,39
772,40
772,41
772,42
772,43
772,44
772,45
772,46
772,47
772,48
772,49
772,50
772,51
772,52
772,54
772,55
772,88
772,138
772,139
772,140
772,141
772,142
772,143
772,144
772,145
772,146
772,147
772,148
772,149
772,155
772,156
772,157
772,158
772,159
772,160
772,161
772,162
772,163
772,164
772,165
772,166
772,167
772,168
772,169
772,170
772,171
772,172
772,173
772,174
772,175
772,176
772,177
772,178
772,180
772,181
772,182
772,183
772,184
772,185
772,186
772,187
772,188
772,189
772,190
772,191
772,192
772,193
772,194
772,219
772,220
772,236
772,237
772,238
772,239
772,240
772,241
772,277
772,278
772,279
772,280
772,326
772,449
772,595
772,596
772,597
772,598
772,599
772,600
772,601
772,602
772,603
772,604
772,605
772,659
772,730
772,917
772,918
772,919
772,920
772,921
772,922
772,923
772,924
772,925
772,926
772,927
772,928
772,929
772,930
772,931
772,932
772,933
772,934
772,935
772,936
772,937
772,938
772,939
772,1035
772,1036
772,1037
772,1038
772,1039
772,1040
772,1041
772,1042
772,1043
772,1044
772,1045
772,1046
772,1047
772,1048
772,1049
772,1050
772,1051
772,1218
772,1464
772,1592
772,1593
772,1594
772,1595
772,1596
772,1597
772,1598
772,1599
772,1813
772,1840
772,2019
772,2020
772,2021
772,2022
772,2023
772,2024
772,2025
772,2026
772,2027
772,2028
772,2029
772,2030
772,2031
772,2032
772,2033
772,2034
772,2035
772,2036
772,2037
772,2038
772,2044
772,2045
772,2046
772,2047
772,2048
772,2049
772,2050
772,2051
772,2052
772,2053
772,2054
772,2055
772,2056
772,2057
772,2058
772,2059
772,2060
772,2061
772,2062
772,2063
772,2064
772,2065
772,2066
772,2067
772,2068
772,2069
772,2070
772,2071
772,2072
772,2073
772,2074
772,2075
772,2076
772,2077
772,2078
772,2079
787,88
787,107
787,155
787,180
787,181
787,182
787,183
787,184
787,185
787,186
787,187
787,188
787,189
787,190
787,191
787,192
787,193
787,194
787,429
787,430
787,431
787,432
787,433
787,434
787,435
787,436
787,450
787,451
787,452
787,453
787,454
787,455
787,456
787,457
787,458
787,459
787,462
787,463
787,464
787,465
787,466
787,467
787,468
787,469
787,470
787,471
787,472
787,473
787,474
787,475
787,476
787,477
787,478
787,479
787,480
787,481
787,482
787,483
787,484
787,485
787,486
787,487
787,488
787,489
787,490
787,491
787,492
787,493
787,494
787,495
787,496
787,497
787,498
787,499
787,500
787,501
787,502
787,503
787,504
787,505
787,506
787,523
787,653
787,731
787,803
787,804
787,805
787,806
787,808
787,809
787,810
787,811
787,812
787,813
787,814
787,815
787,816
787,817
787,818
787,819
787,820
787,888
787,893
787,894
787,945
787,953
787,954
787,955
787,956
787,957
787,958
787,959
787,960
787,961
787,962
787,963
787,964
787,965
787,973
787,974
787,975
787,976
787,977
787,978
787,979
787,980
787,981
787,982
787,983
787,984
787,985
787,986
787,987
787,1135
787,1214
787,1215
787,1216
787,1217
787,1294
787,1301
787,1404
787,1405
787,1406
787,1407
787,1408
787,1409
787,1410
787,1411
787,1412
787,1413
787,1414
787,1415
787,1416
787,1417
787,1418
787,1419
787,1420
787,1421
787,1422
787,1423
787,1424
787,1425
787,1426
787,1427
787,1428
787,1429
787,1430
787,1431
787,1432
787,1433
787,1434
787,1435
787,1436
787,1437
787,1438
787,1439
787,1440
787,1441
787,1442
787,1443
787,1444
787,1445
787,1446
787,1447
787,1448
787,1449
787,1450
787,1451
787,1452
787,1453
787,1454
787,1455
787,1456
787,1457
787,1458
787,1459
787,1460
787,1461
787,1462
787,1463
787,1464
787,1465
787,1466
787,1467
787,1468
787,1469
787,1470
787,1471
787,1472
787,1473
787,1474
787,1475
787,1476
787,1477
787,1478
787,1479
787,1480
787,1481
787,1482
787,1483
787,1484
787,1485
787,1486
803,34
803,35
803,53
803,88
803,180
803,181
803,182
803,183
803,184
803,185
803,186
803,187
803,188
803,189
803,190
803,191
803,192
803,193
803,194
803,196
803,197
803,198
803,199
803,200
803,236
803,237
803,238
803,239
803,240
803,241
803,242
803,243
803,244
803,245
803,246
803,247
803,248
803,249
803,250
803,251
803,252
803,253
803,254
803,255
803,256
803,257
803,258
803,259
803,277
803,278
803,279
803,280
803,284
803,328
803,576
803,653
803,808
803,809
803,810
803,811
803,812
803,813
803,814
803,815
803,816
803,817
803,818
803,819
803,820
803,888
803,891
803,893
803,894
803,1196
803,1197
803,1198
803,1199
803,1200
803,1201
803,1202
803,1203
803,1264
803,1691
803,1751
803,1752
803,1753
803,1920
803,1921
803,1922
803,1923
803,1986
803,1987
803,1988
803,1989
803,1990
803,1991
803,1992
803,1993
803,1994
803,1995
803,1996
803,1997
803,1998
803,1999
803,2000
803,2001
803,2002
803,2003
803,2004
803,2005
803,2006
803,2007
803,2008
803,2009
803,2010
803,2011
803,2012
803,2013
803,2014
803,2015
803,2016
803,2017
803,2018
803,2019
803,2020
803,2021
803,2022
803,2023
803,2024
803,2025
803,2026
803,2027
803,2028
803,2029
803,2030
803,2031
803,2032
803,2033
803,2034
803,2035
803,2036
803,2037
803,2038
803,2039
803,2040
803,2041
803,2042
803,2043
868,36
868,37
868,38
868,39
868,40
868,41
868,42
868,43
868,44
868,45
868,46
868,47
868,48
868,49
868,50
868,51
868,52
868,88
868,123
868,124
868,125
868,126
868,127
868,128
868,129
868,130
868,131
868,132
868,133
868,134
868,135
868,138
868,139
868,140
868,141
868,142
868,143
868,144
868,145
868,146
868,147
868,148
868,149
868,195
868,285
868,286
868,287
868,288
868,289
868,290
868,291
868,292
868,293
868,294
868,295
868,296
868,297
868,298
868,299
868,300
868,301
868,302
868,303
868,304
868,305
868,306
868,307
868,308
868,309
868,310
868,311
868,312
868,313
868,314
868,315
868,316
868,317
868,555
868,563
868,564
868,565
868,566
868,567
868,568
868,569
868,570
868,571
868,572
868,573
868,574
868,577
868,661
868,662
868,663
868,664
868,665
868,666
868,667
868,668
868,669
868,670
868,671
868,832
868,833
868,834
868,835
868,836
868,837
868,838
868,888
868,1103
868,1104
868,1105
868,1106
868,1107
868,1108
868,1109
868,1110
868,1111
868,1228
868,1229
868,1230
868,1231
868,1232
868,1233
868,1235
868,1236
868,1237
868,1238
868,1239
868,1240
868,1307
868,1764
868,1920
868,1921
868,1922
868,1923
868,1993
868,2077
868,2080
868,2081
868,2082
868,2083
868,2084
868,2085
868,2086
868,2087
868,2088
868,2089
868,2090
868,2091
868,2092
868,2093
868,2094
868,2095
868,2096
868,2097
868,2098
868,2099
868,2100
868,2101
